_id,user_id,session_id,event_type,data.key,data.press_time,data.release_time,data.hold_time,data.flight_time,key,timestamp,hold_time,user,_t,user_key,time_gap,new_block,session_block,missing_session,prev_valid_session,press_t,release_t,hold_time_ms_calc,release_prev,flight_time_ms_calc,flight_time
6a5ff2307501bc9f6ccc78d1,laura,laura_key_1,keydown,,,,,,l,1784672810085.0,,laura,,laura,,True,1,True,,,,,,,
6a5ff2307501bc9f6ccc78da,laura,laura_key_10,keydown,,,,,,a,1784672812279.0,,laura,,laura,,True,10,True,,,,,,,
6a5ff2307501bc9f6ccc78db,laura,laura_key_11,keydown,,,,,,Shift,1784672812495.0,,laura,,laura,,True,11,True,,,,,,,
6a5ff2307501bc9f6ccc78dc,laura,laura_key_12,keydown,,,,,,@,1784672812676.0,,laura,,laura,,True,12,True,,,,,,,
6a5ff2307501bc9f6ccc78dd,laura,laura_key_13,keydown,,,,,,e,1784672812949.0,,laura,,laura,,True,13,True,,,,,,,
6a5ff2307501bc9f6ccc78de,laura,laura_key_14,keydown,,,,,,m,1784672813040.0,,laura,,laura,,True,14,True,,,,,,,
6a5ff2307501bc9f6ccc78df,laura,laura_key_15,keydown,,,,,,p,1784672813177.0,,laura,,laura,,True,15,True,,,,,,,
6a5ff2307501bc9f6ccc78e0,laura,laura_key_16,keydown,,,,,,r,1784672813212.0,,laura,,laura,,True,16,True,,,,,,,
6a5ff2307501bc9f6ccc78e1,laura,laura_key_17,keydown,,,,,,e,1784672813271.0,,laura,,laura,,True,17,True,,,,,,,
6a5ff2307501bc9f6ccc78e2,laura,laura_key_18,keydown,,,,,,s,1784672813422.0,,laura,,laura,,True,18,True,,,,,,,
6a5ff2307501bc9f6ccc78e3,laura,laura_key_19,keydown,,,,,,a,1784672813513.0,,laura,,laura,,True,19,True,,,,,,,
6a5ff2307501bc9f6ccc78d2,laura,laura_key_2,keydown,,,,,,a,1784672810189.0,,laura,,laura,,True,2,True,,,,,,,
6a5ff2307501bc9f6ccc78e4,laura,laura_key_20,keydown,,,,,,.,1784672813591.0,,laura,,laura,,True,20,True,,,,,,,
6a5ff2307501bc9f6ccc78e5,laura,laura_key_21,keydown,,,,,,c,1784672813740.0,,laura,,laura,,True,21,True,,,,,,,
6a5ff2307501bc9f6ccc78e6,laura,laura_key_22,keydown,,,,,,o,1784672813834.0,,laura,,laura,,True,22,True,,,,,,,
6a5ff2307501bc9f6ccc78e7,laura,laura_key_23,keydown,,,,,,m,1784672813915.0,,laura,,laura,,True,23,True,,,,,,,
6a5ff2307501bc9f6ccc78e8,laura,laura_key_24,keydown,,,,,,t,1784672814947.0,,laura,,laura,,True,24,True,,,,,,,
6a5ff2307501bc9f6ccc78e9,laura,laura_key_25,keydown,,,,,,e,1784672815023.0,,laura,,laura,,True,25,True,,,,,,,
6a5ff2307501bc9f6ccc78ea,laura,laura_key_26,keydown,,,,,,s,1784672815228.0,,laura,,laura,,True,26,True,,,,,,,
6a5ff2307501bc9f6ccc78eb,laura,laura_key_27,keydown,,,,,,t,1784672815392.0,,laura,,laura,,True,27,True,,,,,,,
6a5ff2307501bc9f6ccc78ec,laura,laura_key_28,keydown,,,,,,e,1784672815454.0,,laura,,laura,,True,28,True,,,,,,,
6a5ff2307501bc9f6ccc78ed,laura,laura_key_29,keydown,,,,,,t,1784672816213.0,,laura,,laura,,True,29,True,,,,,,,
6a5ff2307501bc9f6ccc78d3,laura,laura_key_3,keydown,,,,,,u,1784672810291.0,,laura,,laura,,True,3,True,,,,,,,
6a5ff2307501bc9f6ccc78ee,laura,laura_key_30,keydown,,,,,,e,1784672816300.0,,laura,,laura,,True,30,True,,,,,,,
6a5ff23a7501bc9f6ccc79cc,laura,laura_key_31,keydown,,,,,,Backs,1784672816753.0,,laura,,laura,,True,31,True,,,,,,,
6a5ff23a7501bc9f6ccc79cd,laura,laura_key_32,keydown,,,,,,Backs,1784672816898.0,,laura,,laura,,True,32,True,,,,,,,
6a5ff23a7501bc9f6ccc79ce,laura,laura_key_33,keydown,,,,,, ,1784672817129.0,,laura,,laura,,True,33,True,,,,,,,
6a5ff23a7501bc9f6ccc79cf,laura,laura_key_34,keydown,,,,,,t,1784672817235.0,,laura,,laura,,True,34,True,,,,,,,
6a5ff23a7501bc9f6ccc79d0,laura,laura_key_35,keydown,,,,,,e,1784672817271.0,,laura,,laura,,True,35,True,,,,,,,
6a5ff23a7501bc9f6ccc79d1,laura,laura_key_36,keydown,,,,,,s,1784672817470.0,,laura,,laura,,True,36,True,,,,,,,
6a5ff23a7501bc9f6ccc79d2,laura,laura_key_37,keydown,,,,,,t,1784672817647.0,,laura,,laura,,True,37,True,,,,,,,
6a5ff23a7501bc9f6ccc79d3,laura,laura_key_38,keydown,,,,,,e,1784672817715.0,,laura,,laura,,True,38,True,,,,,,,
6a5ff23a7501bc9f6ccc79d4,laura,laura_key_39,keydown,,,,,, ,1784672818092.0,,laura,,laura,,True,39,True,,,,,,,
6a5ff2307501bc9f6ccc78d4,laura,laura_key_4,keydown,,,,,,r,1784672810380.0,,laura,,laura,,True,4,True,,,,,,,
6a5ff23a7501bc9f6ccc79d5,laura,laura_key_40,keydown,,,,,,t,1784672818236.0,,laura,,laura,,True,40,True,,,,,,,
6a5ff23a7501bc9f6ccc79d6,laura,laura_key_41,keydown,,,,,,e,1784672818273.0,,laura,,laura,,True,41,True,,,,,,,
6a5ff23a7501bc9f6ccc79d7,laura,laura_key_42,keydown,,,,,,s,1784672818472.0,,laura,,laura,,True,42,True,,,,,,,
6a5ff23a7501bc9f6ccc79d8,laura,laura_key_43,keydown,,,,,,t,1784672818960.0,,laura,,laura,,True,43,True,,,,,,,
6a5ff23a7501bc9f6ccc79d9,laura,laura_key_44,keydown,,,,,,e,1784672819027.0,,laura,,laura,,True,44,True,,,,,,,
6a5ff23a7501bc9f6ccc79da,laura,laura_key_45,keydown,,,,,, ,1784672819193.0,,laura,,laura,,True,45,True,,,,,,,
6a5ff23a7501bc9f6ccc79db,laura,laura_key_46,keydown,,,,,,t,1784672819341.0,,laura,,laura,,True,46,True,,,,,,,
6a5ff23a7501bc9f6ccc79dc,laura,laura_key_47,keydown,,,,,,e,1784672819400.0,,laura,,laura,,True,47,True,,,,,,,
6a5ff23a7501bc9f6ccc79dd,laura,laura_key_48,keydown,,,,,,s,1784672819593.0,,laura,,laura,,True,48,True,,,,,,,
6a5ff23a7501bc9f6ccc79de,laura,laura_key_49,keydown,,,,,,t,1784672819752.0,,laura,,laura,,True,49,True,,,,,,,
6a5ff2307501bc9f6ccc78d5,laura,laura_key_5,keydown,,,,,,a,1784672810426.0,,laura,,laura,,True,5,True,,,,,,,
6a5ff23a7501bc9f6ccc79df,laura,laura_key_50,keydown,,,,,,e,1784672819821.0,,laura,,laura,,True,50,True,,,,,,,
6a5ff23a7501bc9f6ccc79e0,laura,laura_key_51,keydown,,,,,,Arrow,1784672821499.0,,laura,,laura,,True,51,True,,,,,,,
6a5ff23a7501bc9f6ccc79e1,laura,laura_key_52,keydown,,,,,,Shift,1784672821849.0,,laura,,laura,,True,52,True,,,,,,,
6a5ff23a7501bc9f6ccc79e2,laura,laura_key_53,keydown,,,,,,Enter,1784672821966.0,,laura,,laura,,True,53,True,,,,,,,
6a5ff23a7501bc9f6ccc79e3,laura,laura_key_54,keydown,,,,,,Enter,1784672822520.0,,laura,,laura,,True,54,True,,,,,,,
6a5ff23a7501bc9f6ccc79e4,laura,laura_key_55,keydown,,,,,,Enter,1784672823017.0,,laura,,laura,,True,55,True,,,,,,,
6a5ff23a7501bc9f6ccc79e5,laura,laura_key_56,keydown,,,,,,Arrow,1784672824389.0,,laura,,laura,,True,56,True,,,,,,,
6a5ff23a7501bc9f6ccc79e6,laura,laura_key_57,keydown,,,,,,Shift,1784672824405.0,,laura,,laura,,True,57,True,,,,,,,
6a5ff23a7501bc9f6ccc79e7,laura,laura_key_58,keydown,,,,,,Shift,1784672824814.0,,laura,,laura,,True,58,True,,,,,,,
6a5ff23a7501bc9f6ccc79e8,laura,laura_key_59,keydown,,,,,,Enter,1784672824940.0,,laura,,laura,,True,59,True,,,,,,,
6a5ff2307501bc9f6ccc78d6,laura,laura_key_6,keydown,,,,,,l,1784672811952.0,,laura,,laura,,True,6,True,,,,,,,
6a5ff23a7501bc9f6ccc79e9,laura,laura_key_60,keydown,,,,,,Enter,1784672825695.0,,laura,,laura,,True,60,True,,,,,,,
6a5ff23a7501bc9f6ccc79ea,laura,laura_key_61,shortcut,,,,,,Ctrl+A,1784672820627.0,,laura,,laura,,True,61,True,,,,,,,
6a5ff23a7501bc9f6ccc79eb,laura,laura_key_62,shortcut,,,,,,Ctrl+C,1784672820955.0,,laura,,laura,,True,62,True,,,,,,,
6a5ff23a7501bc9f6ccc79ec,laura,laura_key_63,shortcut,,,,,,Ctrl+V,1784672822278.0,,laura,,laura,,True,63,True,,,,,,,
6a5ff23a7501bc9f6ccc79ed,laura,laura_key_64,shortcut,,,,,,Ctrl+V,1784672822807.0,,laura,,laura,,True,64,True,,,,,,,
6a5ff23a7501bc9f6ccc79ee,laura,laura_key_65,shortcut,,,,,,Ctrl+V,1784672823231.0,,laura,,laura,,True,65,True,,,,,,,
6a5ff23a7501bc9f6ccc79ef,laura,laura_key_66,shortcut,,,,,,Ctrl+A,1784672823620.0,,laura,,laura,,True,66,True,,,,,,,
6a5ff23a7501bc9f6ccc79f0,laura,laura_key_67,shortcut,,,,,,Ctrl+C,1784672823868.0,,laura,,laura,,True,67,True,,,,,,,
6a5ff23a7501bc9f6ccc79f1,laura,laura_key_68,shortcut,,,,,,Ctrl+V,1784672825506.0,,laura,,laura,,True,68,True,,,,,,,
6a5ff23a7501bc9f6ccc79f2,laura,laura_key_69,shortcut,,,,,,Ctrl+V,1784672826413.0,,laura,,laura,,True,69,True,,,,,,,
6a5ff2307501bc9f6ccc78d7,laura,laura_key_7,keydown,,,,,,a,1784672812050.0,,laura,,laura,,True,7,True,,,,,,,
6a5ff2447501bc9f6ccc79f3,laura,laura_key_70,keydown,,,,,,Shift,1784672828603.0,,laura,,laura,,True,70,True,,,,,,,
6a5ff2447501bc9f6ccc79f4,laura,laura_key_71,keydown,,,,,,Enter,1784672828724.0,,laura,,laura,,True,71,True,,,,,,,
6a5ff2447501bc9f6ccc79f5,laura,laura_key_72,keydown,,,,,,Enter,1784672829411.0,,laura,,laura,,True,72,True,,,,,,,
6a5ff2447501bc9f6ccc79f6,laura,laura_key_73,keydown,,,,,,Enter,1784672829981.0,,laura,,laura,,True,73,True,,,,,,,
6a5ff2457501bc9f6ccc7a91,laura,laura_key_74,shortcut,,,,,,Ctrl+A,1784672826743.0,,laura,,laura,,True,74,True,,,,,,,
6a5ff2457501bc9f6ccc7a92,laura,laura_key_75,shortcut,,,,,,Ctrl+X,1784672827469.0,,laura,,laura,,True,75,True,,,,,,,
6a5ff2457501bc9f6ccc7a93,laura,laura_key_76,shortcut,,,,,,Ctrl+V,1784672828240.0,,laura,,laura,,True,76,True,,,,,,,
6a5ff2457501bc9f6ccc7a94,laura,laura_key_77,shortcut,,,,,,Ctrl+V,1784672829013.0,,laura,,laura,,True,77,True,,,,,,,
6a5ff2457501bc9f6ccc7a95,laura,laura_key_78,shortcut,,,,,,Ctrl+V,1784672829729.0,,laura,,laura,,True,78,True,,,,,,,
6a5ff2457501bc9f6ccc7a96,laura,laura_key_79,shortcut,,,,,,Ctrl+V,1784672830178.0,,laura,,laura,,True,79,True,,,,,,,
6a5ff2307501bc9f6ccc78d8,laura,laura_key_8,keydown,,,,,,u,1784672812175.0,,laura,,laura,,True,8,True,,,,,,,
6a5ff2307501bc9f6ccc78d9,laura,laura_key_9,keydown,,,,,,r,1784672812237.0,,laura,,laura,,True,9,True,,,,,,,
6a5563b8131f297e23c617af,laura2,a92c23cb-9e73-4024-9555-5192f78141c3,keystroke,CHARACTER_KEY,1783980979959.0,1783980980154.0,195.0,,,,195.0,,1783980979.959,laura2,,False,0,False,a92c23cb-9e73-4024-9555-5192f78141c3,1783980979.959,1783980980.154,194.99993324279785,,,
6a5563b8131f297e23c617b0,laura2,a92c23cb-9e73-4024-9555-5192f78141c3,keystroke,CHARACTER_KEY,1783980980160.0,1783980980235.0,75.0,6.0,,,75.0,,1783980980.16,laura2,0.20099997520446777,False,0,False,a92c23cb-9e73-4024-9555-5192f78141c3,1783980980.16,1783980980.235,74.99980926513672,1783980980.154,6.000041961669922,6.0
6a5563b8131f297e23c617b1,laura2,a92c23cb-9e73-4024-9555-5192f78141c3,keystroke,CHARACTER_KEY,1783980980258.0,1783980980308.0,50.0,23.0,,,50.0,,1783980980.258,laura2,0.09799981117248535,False,0,False,a92c23cb-9e73-4024-9555-5192f78141c3,1783980980.258,1783980980.308,50.00019073486328,1783980980.235,23.000001907348633,23.0
6a5563b8131f297e23c617b2,laura2,a92c23cb-9e73-4024-9555-5192f78141c3,keystroke,CHARACTER_KEY,1783980980317.0,1783980980404.0,87.0,9.0,,,87.0,,1783980980.317,laura2,0.05900001525878906,False,0,False,a92c23cb-9e73-4024-9555-5192f78141c3,1783980980.317,1783980980.404,87.00013160705566,1783980980.308,8.999824523925781,9.0
6a5563b8131f297e23c617b3,laura2,a92c23cb-9e73-4024-9555-5192f78141c3,keystroke,CHARACTER_KEY,1783980980427.0,1783980980470.0,43.0,23.0,,,43.0,,1783980980.427,laura2,0.1100001335144043,False,0,False,a92c23cb-9e73-4024-9555-5192f78141c3,1783980980.427,1783980980.47,42.999982833862305,1783980980.404,23.000001907348633,23.0
6a5563b8131f297e23c617b4,laura2,a92c23cb-9e73-4024-9555-5192f78141c3,keystroke,CHARACTER_KEY,1783980980496.0,1783980980580.0,84.0,26.0,,,84.0,,1783980980.496,laura2,0.0690000057220459,False,0,False,a92c23cb-9e73-4024-9555-5192f78141c3,1783980980.496,1783980980.58,83.9998722076416,1783980980.47,26.000022888183594,26.0
6a5563b8131f297e23c617b5,laura2,a92c23cb-9e73-4024-9555-5192f78141c3,keystroke,CHARACTER_KEY,1783980980580.0,1783980980581.0,1.0,0.0,,,1.0,,1783980980.58,laura2,0.0839998722076416,False,0,False,a92c23cb-9e73-4024-9555-5192f78141c3,1783980980.58,1783980980.581,1.0001659393310547,1783980980.58,0.0,0.0
6a5563b8131f297e23c617b6,laura2,a92c23cb-9e73-4024-9555-5192f78141c3,keystroke,CHARACTER_KEY,1783980980616.0,1783980980706.0,90.0,35.0,,,90.0,,1783980980.616,laura2,0.03600001335144043,False,0,False,a92c23cb-9e73-4024-9555-5192f78141c3,1783980980.616,1783980980.706,90.00015258789062,1783980980.581,34.999847412109375,35.0
6a5fe6e00df87e62ce5e594f,laura2,laura2_key_1,keydown,,,,,,l,1784669912505.0,,laura2,,laura2,,True,1,True,a92c23cb-9e73-4024-9555-5192f78141c3,,,,,,
6a5fe6e00df87e62ce5e5958,laura2,laura2_key_10,keydown,,,,,,a,1784669915692.0,,laura2,,laura2,,True,10,True,a92c23cb-9e73-4024-9555-5192f78141c3,,,,,,
6a5fe6e00df87e62ce5e5959,laura2,laura2_key_11,keydown,,,,,,s,1784669917383.0,,laura2,,laura2,,True,11,True,a92c23cb-9e73-4024-9555-5192f78141c3,,,,,,
6a5fe6e00df87e62ce5e595a,laura2,laura2_key_12,keydown,,,,,,a,1784669917416.0,,laura2,,laura2,,True,12,True,a92c23cb-9e73-4024-9555-5192f78141c3,,,,,,
6a5fe6e00df87e62ce5e595b,laura2,laura2_key_13,keydown,,,,,,d,1784669917503.0,,laura2,,laura2,,True,13,True,a92c23cb-9e73-4024-9555-5192f78141c3,,,,,,
6a5fe6e00df87e62ce5e595c,laura2,laura2_key_14,keydown,,,,,,a,1784669917624.0,,laura2,,laura2,,True,14,True,a92c23cb-9e73-4024-9555-5192f78141c3,,,,,,
6a5fe6e00df87e62ce5e595d,laura2,laura2_key_15,keydown,,,,,,s,1784669917628.0,,laura2,,laura2,,True,15,True,a92c23cb-9e73-4024-9555-5192f78141c3,,,,,,
6a5fe6e00df87e62ce5e595e,laura2,laura2_key_16,keydown,,,,,,d,1784669917755.0,,laura2,,laura2,,True,16,True,a92c23cb-9e73-4024-9555-5192f78141c3,,,,,,
6a5fe6e00df87e62ce5e595f,laura2,laura2_key_17,keydown,,,,,,s,1784669917833.0,,laura2,,laura2,,True,17,True,a92c23cb-9e73-4024-9555-5192f78141c3,,,,,,
6a5fe6e00df87e62ce5e5960,laura2,laura2_key_18,keydown,,,,,,a,1784669917837.0,,laura2,,laura2,,True,18,True,a92c23cb-9e73-4024-9555-5192f78141c3,,,,,,
6a5fe6e00df87e62ce5e5961,laura2,laura2_key_19,keydown,,,,,,d,1784669917974.0,,laura2,,laura2,,True,19,True,a92c23cb-9e73-4024-9555-5192f78141c3,,,,,,
6a5fe6e00df87e62ce5e5950,laura2,laura2_key_2,keydown,,,,,,a,1784669912621.0,,laura2,,laura2,,True,2,True,a92c23cb-9e73-4024-9555-5192f78141c3,,,,,,
6a5fe6e00df87e62ce5e5962,laura2,laura2_key_20,keydown,,,,,,a,1784669918000.0,,laura2,,laura2,,True,20,True,a92c23cb-9e73-4024-9555-5192f78141c3,,,,,,
6a5fe6e00df87e62ce5e5963,laura2,laura2_key_21,keydown,,,,,,s,1784669918015.0,,laura2,,laura2,,True,21,True,a92c23cb-9e73-4024-9555-5192f78141c3,,,,,,
6a5fe6e00df87e62ce5e5964,laura2,laura2_key_22,keydown,,,,,,s,1784669918207.0,,laura2,,laura2,,True,22,True,a92c23cb-9e73-4024-9555-5192f78141c3,,,,,,
6a5fe6e00df87e62ce5e5965,laura2,laura2_key_23,keydown,,,,,,a,1784669918208.0,,laura2,,laura2,,True,23,True,a92c23cb-9e73-4024-9555-5192f78141c3,,,,,,
6a5fe6e00df87e62ce5e5966,laura2,laura2_key_24,keydown,,,,,,d,1784669918221.0,,laura2,,laura2,,True,24,True,a92c23cb-9e73-4024-9555-5192f78141c3,,,,,,
6a5fe6e00df87e62ce5e5967,laura2,laura2_key_25,keydown,,,,,,d,1784669918463.0,,laura2,,laura2,,True,25,True,a92c23cb-9e73-4024-9555-5192f78141c3,,,,,,
6a5fe6e00df87e62ce5e5968,laura2,laura2_key_26,keydown,,,,,,a,1784669918481.0,,laura2,,laura2,,True,26,True,a92c23cb-9e73-4024-9555-5192f78141c3,,,,,,
6a5fe6e00df87e62ce5e5969,laura2,laura2_key_27,keydown,,,,,,s,1784669918542.0,,laura2,,laura2,,True,27,True,a92c23cb-9e73-4024-9555-5192f78141c3,,,,,,
6a5fe6e00df87e62ce5e596a,laura2,laura2_key_28,keydown,,,,,,Shift,1784669919884.0,,laura2,,laura2,,True,28,True,a92c23cb-9e73-4024-9555-5192f78141c3,,,,,,
6a5fe6e00df87e62ce5e596b,laura2,laura2_key_29,keydown,,,,,,Enter,1784669920024.0,,laura2,,laura2,,True,29,True,a92c23cb-9e73-4024-9555-5192f78141c3,,,,,,
6a5fe6e00df87e62ce5e5951,laura2,laura2_key_3,keydown,,,,,,u,1784669912724.0,,laura2,,laura2,,True,3,True,a92c23cb-9e73-4024-9555-5192f78141c3,,,,,,
6a5fe6e10df87e62ce5e5a06,laura2,laura2_key_30,shortcut,,,,,,Ctrl+A,1784669919044.0,,laura2,,laura2,,True,30,True,a92c23cb-9e73-4024-9555-5192f78141c3,,,,,,
6a5fe6e10df87e62ce5e5a07,laura2,laura2_key_31,shortcut,,,,,,Ctrl+C,1784669919315.0,,laura2,,laura2,,True,31,True,a92c23cb-9e73-4024-9555-5192f78141c3,,,,,,
6a5fe6ea0df87e62ce5e5a08,laura2,laura2_key_32,keydown,,,,,,Enter,1784669921508.0,,laura2,,laura2,,True,32,True,a92c23cb-9e73-4024-9555-5192f78141c3,,,,,,
6a5fe6ea0df87e62ce5e5a09,laura2,laura2_key_33,keydown,,,,,,Enter,1784669922030.0,,laura2,,laura2,,True,33,True,a92c23cb-9e73-4024-9555-5192f78141c3,,,,,,
6a5fe6ea0df87e62ce5e5a0a,laura2,laura2_key_34,keydown,,,,,,Enter,1784669922237.0,,laura2,,laura2,,True,34,True,a92c23cb-9e73-4024-9555-5192f78141c3,,,,,,
6a5fe6ea0df87e62ce5e5a0b,laura2,laura2_key_35,keydown,,,,,,Enter,1784669922435.0,,laura2,,laura2,,True,35,True,a92c23cb-9e73-4024-9555-5192f78141c3,,,,,,
6a5fe6ea0df87e62ce5e5a0c,laura2,laura2_key_36,keydown,,,,,,Enter,1784669922665.0,,laura2,,laura2,,True,36,True,a92c23cb-9e73-4024-9555-5192f78141c3,,,,,,
6a5fe6ea0df87e62ce5e5a0d,laura2,laura2_key_37,keydown,,,,,,Enter,1784669922861.0,,laura2,,laura2,,True,37,True,a92c23cb-9e73-4024-9555-5192f78141c3,,,,,,
6a5fe6ea0df87e62ce5e5a0e,laura2,laura2_key_38,keydown,,,,,,Enter,1784669923057.0,,laura2,,laura2,,True,38,True,a92c23cb-9e73-4024-9555-5192f78141c3,,,,,,
6a5fe6ea0df87e62ce5e5a0f,laura2,laura2_key_39,keydown,,,,,,Enter,1784669923271.0,,laura2,,laura2,,True,39,True,a92c23cb-9e73-4024-9555-5192f78141c3,,,,,,
6a5fe6e00df87e62ce5e5952,laura2,laura2_key_4,keydown,,,,,,r,1784669912885.0,,laura2,,laura2,,True,4,True,a92c23cb-9e73-4024-9555-5192f78141c3,,,,,,
6a5fe6ea0df87e62ce5e5a10,laura2,laura2_key_40,keydown,,,,,,Enter,1784669923491.0,,laura2,,laura2,,True,40,True,a92c23cb-9e73-4024-9555-5192f78141c3,,,,,,
6a5fe6ea0df87e62ce5e5a11,laura2,laura2_key_41,keydown,,,,,,v,1784669923645.0,,laura2,,laura2,,True,41,True,a92c23cb-9e73-4024-9555-5192f78141c3,,,,,,
6a5fe6ea0df87e62ce5e5a12,laura2,laura2_key_42,keydown,,,,,,Enter,1784669923763.0,,laura2,,laura2,,True,42,True,a92c23cb-9e73-4024-9555-5192f78141c3,,,,,,
6a5fe6ea0df87e62ce5e5a13,laura2,laura2_key_43,keydown,,,,,,Enter,1784669924093.0,,laura2,,laura2,,True,43,True,a92c23cb-9e73-4024-9555-5192f78141c3,,,,,,
6a5fe6ea0df87e62ce5e5a14,laura2,laura2_key_44,keydown,,,,,,Enter,1784669924656.0,,laura2,,laura2,,True,44,True,a92c23cb-9e73-4024-9555-5192f78141c3,,,,,,
6a5fe6ea0df87e62ce5e5a15,laura2,laura2_key_45,keydown,,,,,,Enter,1784669925122.0,,laura2,,laura2,,True,45,True,a92c23cb-9e73-4024-9555-5192f78141c3,,,,,,
6a5fe6ea0df87e62ce5e5a16,laura2,laura2_key_46,keydown,,,,,,Enter,1784669925658.0,,laura2,,laura2,,True,46,True,a92c23cb-9e73-4024-9555-5192f78141c3,,,,,,
6a5fe6ea0df87e62ce5e5a17,laura2,laura2_key_47,keydown,,,,,,Enter,1784669926120.0,,laura2,,laura2,,True,47,True,a92c23cb-9e73-4024-9555-5192f78141c3,,,,,,
6a5fe6ea0df87e62ce5e5a18,laura2,laura2_key_48,keydown,,,,,,Enter,1784669926405.0,,laura2,,laura2,,True,48,True,a92c23cb-9e73-4024-9555-5192f78141c3,,,,,,
6a5fe6ea0df87e62ce5e5a19,laura2,laura2_key_49,keydown,,,,,,Enter,1784669926747.0,,laura2,,laura2,,True,49,True,a92c23cb-9e73-4024-9555-5192f78141c3,,,,,,
6a5fe6e00df87e62ce5e5953,laura2,laura2_key_5,keydown,,,,,,a,1784669912946.0,,laura2,,laura2,,True,5,True,a92c23cb-9e73-4024-9555-5192f78141c3,,,,,,
6a5fe6ea0df87e62ce5e5a1a,laura2,laura2_key_50,keydown,,,,,,Enter,1784669927068.0,,laura2,,laura2,,True,50,True,a92c23cb-9e73-4024-9555-5192f78141c3,,,,,,
6a5fe6ea0df87e62ce5e5a1b,laura2,laura2_key_51,keydown,,,,,,Enter,1784669927406.0,,laura2,,laura2,,True,51,True,a92c23cb-9e73-4024-9555-5192f78141c3,,,,,,
6a5fe6ea0df87e62ce5e5a1c,laura2,laura2_key_52,keydown,,,,,,Enter,1784669927812.0,,laura2,,laura2,,True,52,True,a92c23cb-9e73-4024-9555-5192f78141c3,,,,,,
6a5fe6ea0df87e62ce5e5a1d,laura2,laura2_key_53,keydown,,,,,,Enter,1784669928142.0,,laura2,,laura2,,True,53,True,a92c23cb-9e73-4024-9555-5192f78141c3,,,,,,
6a5fe6ea0df87e62ce5e5a1e,laura2,laura2_key_54,keydown,,,,,,Enter,1784669928399.0,,laura2,,laura2,,True,54,True,a92c23cb-9e73-4024-9555-5192f78141c3,,,,,,
6a5fe6ea0df87e62ce5e5a1f,laura2,laura2_key_55,keydown,,,,,,Enter,1784669928748.0,,laura2,,laura2,,True,55,True,a92c23cb-9e73-4024-9555-5192f78141c3,,,,,,
6a5fe6ea0df87e62ce5e5a20,laura2,laura2_key_56,keydown,,,,,,Enter,1784669929268.0,,laura2,,laura2,,True,56,True,a92c23cb-9e73-4024-9555-5192f78141c3,,,,,,
6a5fe6ea0df87e62ce5e5a21,laura2,laura2_key_57,keydown,,,,,,Enter,1784669929689.0,,laura2,,laura2,,True,57,True,a92c23cb-9e73-4024-9555-5192f78141c3,,,,,,
6a5fe6ea0df87e62ce5e5a22,laura2,laura2_key_58,keydown,,,,,,Enter,1784669930096.0,,laura2,,laura2,,True,58,True,a92c23cb-9e73-4024-9555-5192f78141c3,,,,,,
6a5fe6ea0df87e62ce5e5a23,laura2,laura2_key_59,shortcut,,,,,,Ctrl+V,1784669920824.0,,laura2,,laura2,,True,59,True,a92c23cb-9e73-4024-9555-5192f78141c3,,,,,,
6a5fe6e00df87e62ce5e5954,laura2,laura2_key_6,keydown,,,,,,l,1784669915332.0,,laura2,,laura2,,True,6,True,a92c23cb-9e73-4024-9555-5192f78141c3,,,,,,
6a5fe6ea0df87e62ce5e5a24,laura2,laura2_key_60,shortcut,,,,,,Ctrl+V,1784669921966.0,,laura2,,laura2,,True,60,True,a92c23cb-9e73-4024-9555-5192f78141c3,,,,,,
6a5fe6ea0df87e62ce5e5a25,laura2,laura2_key_61,shortcut,,,,,,Ctrl+V,1784669922282.0,,laura2,,laura2,,True,61,True,a92c23cb-9e73-4024-9555-5192f78141c3,,,,,,
6a5fe6ea0df87e62ce5e5a26,laura2,laura2_key_62,shortcut,,,,,,Ctrl+V,1784669923043.0,,laura2,,laura2,,True,62,True,a92c23cb-9e73-4024-9555-5192f78141c3,,,,,,
6a5fe6ea0df87e62ce5e5a27,laura2,laura2_key_63,shortcut,,,,,,Ctrl+V,1784669923410.0,,laura2,,laura2,,True,63,True,a92c23cb-9e73-4024-9555-5192f78141c3,,,,,,
6a5fe6ea0df87e62ce5e5a28,laura2,laura2_key_64,shortcut,,,,,,Ctrl+V,1784669924308.0,,laura2,,laura2,,True,64,True,a92c23cb-9e73-4024-9555-5192f78141c3,,,,,,
6a5fe6ea0df87e62ce5e5a29,laura2,laura2_key_65,shortcut,,,,,,Ctrl+V,1784669925402.0,,laura2,,laura2,,True,65,True,a92c23cb-9e73-4024-9555-5192f78141c3,,,,,,
6a5fe6ea0df87e62ce5e5a2a,laura2,laura2_key_66,shortcut,,,,,,Ctrl+V,1784669925956.0,,laura2,,laura2,,True,66,True,a92c23cb-9e73-4024-9555-5192f78141c3,,,,,,
6a5fe6ea0df87e62ce5e5a2b,laura2,laura2_key_67,shortcut,,,,,,Ctrl+V,1784669926359.0,,laura2,,laura2,,True,67,True,a92c23cb-9e73-4024-9555-5192f78141c3,,,,,,
6a5fe6ea0df87e62ce5e5a2c,laura2,laura2_key_68,shortcut,,,,,,Ctrl+V,1784669926705.0,,laura2,,laura2,,True,68,True,a92c23cb-9e73-4024-9555-5192f78141c3,,,,,,
6a5fe6ea0df87e62ce5e5a2d,laura2,laura2_key_69,shortcut,,,,,,Ctrl+V,1784669927047.0,,laura2,,laura2,,True,69,True,a92c23cb-9e73-4024-9555-5192f78141c3,,,,,,
6a5fe6e00df87e62ce5e5955,laura2,laura2_key_7,keydown,,,,,,a,1784669915466.0,,laura2,,laura2,,True,7,True,a92c23cb-9e73-4024-9555-5192f78141c3,,,,,,
6a5fe6ea0df87e62ce5e5a2e,laura2,laura2_key_70,shortcut,,,,,,Ctrl+V,1784669927493.0,,laura2,,laura2,,True,70,True,a92c23cb-9e73-4024-9555-5192f78141c3,,,,,,
6a5fe6ea0df87e62ce5e5a2f,laura2,laura2_key_71,shortcut,,,,,,Ctrl+V,1784669928026.0,,laura2,,laura2,,True,71,True,a92c23cb-9e73-4024-9555-5192f78141c3,,,,,,
6a5fe6ea0df87e62ce5e5a30,laura2,laura2_key_72,shortcut,,,,,,Ctrl+V,1784669928467.0,,laura2,,laura2,,True,72,True,a92c23cb-9e73-4024-9555-5192f78141c3,,,,,,
6a5fe6ea0df87e62ce5e5a31,laura2,laura2_key_73,shortcut,,,,,,Ctrl+V,1784669929011.0,,laura2,,laura2,,True,73,True,a92c23cb-9e73-4024-9555-5192f78141c3,,,,,,
6a5fe6ea0df87e62ce5e5a32,laura2,laura2_key_74,shortcut,,,,,,Ctrl+V,1784669929471.0,,laura2,,laura2,,True,74,True,a92c23cb-9e73-4024-9555-5192f78141c3,,,,,,
6a5fe6ea0df87e62ce5e5a33,laura2,laura2_key_75,shortcut,,,,,,Ctrl+V,1784669929877.0,,laura2,,laura2,,True,75,True,a92c23cb-9e73-4024-9555-5192f78141c3,,,,,,
6a5fe6f40df87e62ce5e5a34,laura2,laura2_key_76,keydown,,,,,,Enter,1784669930482.0,,laura2,,laura2,,True,76,True,a92c23cb-9e73-4024-9555-5192f78141c3,,,,,,
6a5fe6f40df87e62ce5e5a35,laura2,laura2_key_77,keydown,,,,,,Enter,1784669930801.0,,laura2,,laura2,,True,77,True,a92c23cb-9e73-4024-9555-5192f78141c3,,,,,,
6a5fe6f40df87e62ce5e5a36,laura2,laura2_key_78,keydown,,,,,,Enter,1784669931151.0,,laura2,,laura2,,True,78,True,a92c23cb-9e73-4024-9555-5192f78141c3,,,,,,
6a5fe6f40df87e62ce5e5a37,laura2,laura2_key_79,keydown,,,,,,Enter,1784669931483.0,,laura2,,laura2,,True,79,True,a92c23cb-9e73-4024-9555-5192f78141c3,,,,,,
6a5fe6e00df87e62ce5e5956,laura2,laura2_key_8,keydown,,,,,,u,1784669915570.0,,laura2,,laura2,,True,8,True,a92c23cb-9e73-4024-9555-5192f78141c3,,,,,,
6a5fe6f40df87e62ce5e5a38,laura2,laura2_key_80,keydown,,,,,,Enter,1784669931877.0,,laura2,,laura2,,True,80,True,a92c23cb-9e73-4024-9555-5192f78141c3,,,,,,
6a5fe6f40df87e62ce5e5a39,laura2,laura2_key_81,keydown,,,,,,Enter,1784669932247.0,,laura2,,laura2,,True,81,True,a92c23cb-9e73-4024-9555-5192f78141c3,,,,,,
6a5fe6f40df87e62ce5e5a3a,laura2,laura2_key_82,keydown,,,,,,Enter,1784669932614.0,,laura2,,laura2,,True,82,True,a92c23cb-9e73-4024-9555-5192f78141c3,,,,,,
6a5fe6f40df87e62ce5e5a3b,laura2,laura2_key_83,keydown,,,,,,Enter,1784669932995.0,,laura2,,laura2,,True,83,True,a92c23cb-9e73-4024-9555-5192f78141c3,,,,,,
6a5fe6f40df87e62ce5e5a3c,laura2,laura2_key_84,keydown,,,,,,v,1784669933159.0,,laura2,,laura2,,True,84,True,a92c23cb-9e73-4024-9555-5192f78141c3,,,,,,
6a5fe6f40df87e62ce5e5a3d,laura2,laura2_key_85,keydown,,,,,,Enter,1784669933377.0,,laura2,,laura2,,True,85,True,a92c23cb-9e73-4024-9555-5192f78141c3,,,,,,
6a5fe6f40df87e62ce5e5a3e,laura2,laura2_key_86,keydown,,,,,,Enter,1784669933764.0,,laura2,,laura2,,True,86,True,a92c23cb-9e73-4024-9555-5192f78141c3,,,,,,
6a5fe6f40df87e62ce5e5a3f,laura2,laura2_key_87,keydown,,,,,,Enter,1784669934179.0,,laura2,,laura2,,True,87,True,a92c23cb-9e73-4024-9555-5192f78141c3,,,,,,
6a5fe6f40df87e62ce5e5a40,laura2,laura2_key_88,keydown,,,,,,Enter,1784669934672.0,,laura2,,laura2,,True,88,True,a92c23cb-9e73-4024-9555-5192f78141c3,,,,,,
6a5fe6f50df87e62ce5e5b10,laura2,laura2_key_89,shortcut,,,,,,Ctrl+V,1784669930317.0,,laura2,,laura2,,True,89,True,a92c23cb-9e73-4024-9555-5192f78141c3,,,,,,
6a5fe6e00df87e62ce5e5957,laura2,laura2_key_9,keydown,,,,,,r,1784669915651.0,,laura2,,laura2,,True,9,True,a92c23cb-9e73-4024-9555-5192f78141c3,,,,,,
6a5fe6f50df87e62ce5e5b11,laura2,laura2_key_90,shortcut,,,,,,Ctrl+V,1784669930664.0,,laura2,,laura2,,True,90,True,a92c23cb-9e73-4024-9555-5192f78141c3,,,,,,
6a5fe6f50df87e62ce5e5b12,laura2,laura2_key_91,shortcut,,,,,,Ctrl+V,1784669930994.0,,laura2,,laura2,,True,91,True,a92c23cb-9e73-4024-9555-5192f78141c3,,,,,,
6a5fe6f50df87e62ce5e5b13,laura2,laura2_key_92,shortcut,,,,,,Ctrl+V,1784669931443.0,,laura2,,laura2,,True,92,True,a92c23cb-9e73-4024-9555-5192f78141c3,,,,,,
6a5fe6f50df87e62ce5e5b14,laura2,laura2_key_93,shortcut,,,,,,Ctrl+V,1784669932093.0,,laura2,,laura2,,True,93,True,a92c23cb-9e73-4024-9555-5192f78141c3,,,,,,
6a5fe6f50df87e62ce5e5b15,laura2,laura2_key_94,shortcut,,,,,,Ctrl+V,1784669932507.0,,laura2,,laura2,,True,94,True,a92c23cb-9e73-4024-9555-5192f78141c3,,,,,,
6a5fe6f50df87e62ce5e5b16,laura2,laura2_key_95,shortcut,,,,,,Ctrl+V,1784669932916.0,,laura2,,laura2,,True,95,True,a92c23cb-9e73-4024-9555-5192f78141c3,,,,,,
6a5fe6f50df87e62ce5e5b17,laura2,laura2_key_96,shortcut,,,,,,Ctrl+V,1784669933965.0,,laura2,,laura2,,True,96,True,a92c23cb-9e73-4024-9555-5192f78141c3,,,,,,
6a5fe6f50df87e62ce5e5b18,laura2,laura2_key_97,shortcut,,,,,,Ctrl+V,1784669934382.0,,laura2,,laura2,,True,97,True,a92c23cb-9e73-4024-9555-5192f78141c3,,,,,,
6a5fe6f50df87e62ce5e5b19,laura2,laura2_key_98,shortcut,,,,,,Ctrl+V,1784669934872.0,,laura2,,laura2,,True,98,True,a92c23cb-9e73-4024-9555-5192f78141c3,,,,,,
6a5fd5f25409b7b2c137b103,,__unknown_key_1,keydown,,,,,,CapsLock,1784665585441.0,,,,__unknown,,True,1,True,,,,,,,
6a5fd5f25409b7b2c137b10c,,__unknown_key_10,keydown,,,,,,S,1784665586624.0,,,,__unknown,,True,10,True,,,,,,,
6a5fd6105409b7b2c137b327,,__unknown_key_100,keydown,,,,,,ArrowLeft,1784665611623.0,,,,__unknown,,True,100,True,,,,,,,
6a5fd6105409b7b2c137b328,,__unknown_key_101,keydown,,,,,,ArrowLeft,1784665611652.0,,,,__unknown,,True,101,True,,,,,,,
6a5fd6105409b7b2c137b329,,__unknown_key_102,keydown,,,,,,ArrowLeft,1784665611684.0,,,,__unknown,,True,102,True,,,,,,,
6a5fd6105409b7b2c137b32a,,__unknown_key_103,keydown,,,,,,ArrowLeft,1784665611718.0,,,,__unknown,,True,103,True,,,,,,,
6a5fd6105409b7b2c137b32b,,__unknown_key_104,keydown,,,,,,ArrowLeft,1784665611751.0,,,,__unknown,,True,104,True,,,,,,,
6a5fd6105409b7b2c137b32c,,__unknown_key_105,keydown,,,,,,ArrowLeft,1784665611783.0,,,,__unknown,,True,105,True,,,,,,,
6a5fd6105409b7b2c137b32d,,__unknown_key_106,keydown,,,,,,ArrowLeft,1784665611814.0,,,,__unknown,,True,106,True,,,,,,,
6a5fd6105409b7b2c137b32e,,__unknown_key_107,keydown,,,,,,ArrowLeft,1784665611847.0,,,,__unknown,,True,107,True,,,,,,,
6a5fd6105409b7b2c137b32f,,__unknown_key_108,keydown,,,,,,ArrowLeft,1784665611880.0,,,,__unknown,,True,108,True,,,,,,,
6a5fd6105409b7b2c137b330,,__unknown_key_109,keydown,,,,,,ArrowLeft,1784665611912.0,,,,__unknown,,True,109,True,,,,,,,
6a5fd5fc5409b7b2c137b198,,__unknown_key_11,keydown,,,,,,CapsLock,1784665586712.0,,,,__unknown,,True,11,True,,,,,,,
6a5fd6105409b7b2c137b331,,__unknown_key_110,keydown,,,,,,ArrowLeft,1784665611945.0,,,,__unknown,,True,110,True,,,,,,,
6a5fd6105409b7b2c137b332,,__unknown_key_111,keydown,,,,,,ArrowLeft,1784665611977.0,,,,__unknown,,True,111,True,,,,,,,
6a5fd6105409b7b2c137b333,,__unknown_key_112,keydown,,,,,,ArrowLeft,1784665612010.0,,,,__unknown,,True,112,True,,,,,,,
6a5fd6105409b7b2c137b334,,__unknown_key_113,keydown,,,,,,ArrowLeft,1784665612042.0,,,,__unknown,,True,113,True,,,,,,,
6a5fd6105409b7b2c137b335,,__unknown_key_114,keydown,,,,,,ArrowLeft,1784665612074.0,,,,__unknown,,True,114,True,,,,,,,
6a5fd6105409b7b2c137b336,,__unknown_key_115,keydown,,,,,,ArrowLeft,1784665612107.0,,,,__unknown,,True,115,True,,,,,,,
6a5fd6105409b7b2c137b337,,__unknown_key_116,keydown,,,,,,ArrowLeft,1784665612136.0,,,,__unknown,,True,116,True,,,,,,,
6a5fd6105409b7b2c137b338,,__unknown_key_117,keydown,,,,,,ArrowLeft,1784665612333.0,,,,__unknown,,True,117,True,,,,,,,
6a5fd6105409b7b2c137b339,,__unknown_key_118,keydown,,,,,,ArrowLeft,1784665612489.0,,,,__unknown,,True,118,True,,,,,,,
6a5fd6105409b7b2c137b33a,,__unknown_key_119,keydown,,,,,,ArrowLeft,1784665612648.0,,,,__unknown,,True,119,True,,,,,,,
6a5fd5fc5409b7b2c137b199,,__unknown_key_12,keydown,,,,,,a,1784665586812.0,,,,__unknown,,True,12,True,,,,,,,
6a5fd6105409b7b2c137b33b,,__unknown_key_120,keydown,,,,,,ArrowDown,1784665613480.0,,,,__unknown,,True,120,True,,,,,,,
6a5fd6105409b7b2c137b33c,,__unknown_key_121,keydown,,,,,,Enter,1784665615095.0,,,,__unknown,,True,121,True,,,,,,,
6a5fd6105409b7b2c137b33d,,__unknown_key_122,keydown,,,,,,Enter,1784665615731.0,,,,__unknown,,True,122,True,,,,,,,
6a5fd6105409b7b2c137b33e,,__unknown_key_123,keydown,,,,,,Enter,1784665616069.0,,,,__unknown,,True,123,True,,,,,,,
6a5fd6105409b7b2c137b33f,,__unknown_key_124,keydown,,,,,,Enter,1784665616353.0,,,,__unknown,,True,124,True,,,,,,,
6a5fd6105409b7b2c137b340,,__unknown_key_125,keydown,,,,,,Enter,1784665616627.0,,,,__unknown,,True,125,True,,,,,,,
6a5fd6105409b7b2c137b341,,__unknown_key_126,shortcut,,,,,,Ctrl+C,1784665613184.0,,,,__unknown,,True,126,True,,,,,,,
6a5fd6105409b7b2c137b342,,__unknown_key_127,shortcut,,,,,,Ctrl+V,1784665615466.0,,,,__unknown,,True,127,True,,,,,,,
6a5fd6105409b7b2c137b343,,__unknown_key_128,shortcut,,,,,,Ctrl+V,1784665615937.0,,,,__unknown,,True,128,True,,,,,,,
6a5fd6105409b7b2c137b344,,__unknown_key_129,shortcut,,,,,,Ctrl+V,1784665616270.0,,,,__unknown,,True,129,True,,,,,,,
6a5fd5fc5409b7b2c137b19a,,__unknown_key_13,keydown,,,,,,n,1784665586953.0,,,,__unknown,,True,13,True,,,,,,,
6a5fd6105409b7b2c137b345,,__unknown_key_130,shortcut,,,,,,Ctrl+V,1784665616564.0,,,,__unknown,,True,130,True,,,,,,,
6a5fd61a5409b7b2c137b346,,__unknown_key_131,keydown,,,,,,Enter,1784665616917.0,,,,__unknown,,True,131,True,,,,,,,
6a5fd61a5409b7b2c137b347,,__unknown_key_132,keydown,,,,,,Enter,1784665617259.0,,,,__unknown,,True,132,True,,,,,,,
6a5fd61a5409b7b2c137b348,,__unknown_key_133,keydown,,,,,,Enter,1784665617546.0,,,,__unknown,,True,133,True,,,,,,,
6a5fd61a5409b7b2c137b349,,__unknown_key_134,keydown,,,,,,Enter,1784665618128.0,,,,__unknown,,True,134,True,,,,,,,
6a5fd61a5409b7b2c137b34a,,__unknown_key_135,keydown,,,,,,Enter,1784665618778.0,,,,__unknown,,True,135,True,,,,,,,
6a5fd61b5409b7b2c137b462,,__unknown_key_136,shortcut,,,,,,Ctrl+V,1784665616862.0,,,,__unknown,,True,136,True,,,,,,,
6a5fd61b5409b7b2c137b463,,__unknown_key_137,shortcut,,,,,,Ctrl+V,1784665617154.0,,,,__unknown,,True,137,True,,,,,,,
6a5fd61b5409b7b2c137b464,,__unknown_key_138,shortcut,,,,,,Ctrl+V,1784665617478.0,,,,__unknown,,True,138,True,,,,,,,
6a5fd61b5409b7b2c137b465,,__unknown_key_139,shortcut,,,,,,Ctrl+V,1784665617785.0,,,,__unknown,,True,139,True,,,,,,,
6a5fd5fc5409b7b2c137b19b,,__unknown_key_14,keydown,,,,,,t,1784665587047.0,,,,__unknown,,True,14,True,,,,,,,
6a5fd61b5409b7b2c137b466,,__unknown_key_140,shortcut,,,,,,Ctrl+V,1784665618346.0,,,,__unknown,,True,140,True,,,,,,,
6a5fd61b5409b7b2c137b467,,__unknown_key_141,shortcut,,,,,,Ctrl+V,1784665618626.0,,,,__unknown,,True,141,True,,,,,,,
6a5fd61b5409b7b2c137b468,,__unknown_key_142,shortcut,,,,,,Ctrl+V,1784665618923.0,,,,__unknown,,True,142,True,,,,,,,
6a5fd6885409b7b2c137b639,,__unknown_key_143,keydown,,,,,,Meta,1784665727363.0,,,,__unknown,,True,143,True,,,,,,,
6a5fd6885409b7b2c137b63a,,__unknown_key_144,keydown,,,,,,Shift,1784665727463.0,,,,__unknown,,True,144,True,,,,,,,
6a5fd6925409b7b2c137b64d,,__unknown_key_145,keydown,,,,,,a,1784665740757.0,,,,__unknown,,True,145,True,,,,,,,
6a5fd6925409b7b2c137b64e,,__unknown_key_146,keydown,,,,,,s,1784665740870.0,,,,__unknown,,True,146,True,,,,,,,
6a5fd6925409b7b2c137b64f,,__unknown_key_147,keydown,,,,,,d,1784665741081.0,,,,__unknown,,True,147,True,,,,,,,
6a5fd6925409b7b2c137b650,,__unknown_key_148,keydown,,,,,,f,1784665741570.0,,,,__unknown,,True,148,True,,,,,,,
6a5fd6925409b7b2c137b651,,__unknown_key_149,keydown,,,,,,f,1784665741773.0,,,,__unknown,,True,149,True,,,,,,,
6a5fd5fc5409b7b2c137b19c,,__unknown_key_15,keydown,,,,,,o,1784665587131.0,,,,__unknown,,True,15,True,,,,,,,
6a5fd6925409b7b2c137b652,,__unknown_key_150,keydown,,,,,,d,1784665741881.0,,,,__unknown,,True,150,True,,,,,,,
6a5fd6925409b7b2c137b653,,__unknown_key_151,keydown,,,,,,s,1784665741976.0,,,,__unknown,,True,151,True,,,,,,,
6a5fd6925409b7b2c137b654,,__unknown_key_152,keydown,,,,,,a,1784665742210.0,,,,__unknown,,True,152,True,,,,,,,
6a5fd71d7096f0a31879b285,,__unknown_key_153,keydown,,,,,,Meta,1784665878533.0,,,,__unknown,,True,153,True,,,,,,,
6a5fd71d7096f0a31879b286,,__unknown_key_154,keydown,,,,,,Shift,1784665878618.0,,,,__unknown,,True,154,True,,,,,,,
6a5fd74f7096f0a31879b417,,__unknown_key_155,keydown,,,,,,Meta,1784665930951.0,,,,__unknown,,True,155,True,,,,,,,
6a5fd74f7096f0a31879b418,,__unknown_key_156,keydown,,,,,,Shift,1784665931065.0,,,,__unknown,,True,156,True,,,,,,,
6a5fd7d17096f0a31879b50b,,__unknown_key_157,keydown,,,,,,a,1784666062481.0,,,,__unknown,,True,157,True,,,,,,,
6a5fd7d17096f0a31879b50c,,__unknown_key_158,keydown,,,,,,s,1784666062593.0,,,,__unknown,,True,158,True,,,,,,,
6a5fd7d17096f0a31879b50d,,__unknown_key_159,keydown,,,,,,d,1784666062669.0,,,,__unknown,,True,159,True,,,,,,,
6a5fd5fc5409b7b2c137b19d,,__unknown_key_16,keydown,,,,,,s,1784665587242.0,,,,__unknown,,True,16,True,,,,,,,
6a5fd7d17096f0a31879b50e,,__unknown_key_160,keydown,,,,,,f,1784666063144.0,,,,__unknown,,True,160,True,,,,,,,
6a5fd7d17096f0a31879b50f,,__unknown_key_161,keydown,,,,,,f,1784666063413.0,,,,__unknown,,True,161,True,,,,,,,
6a5fd7d17096f0a31879b510,,__unknown_key_162,keydown,,,,,,d,1784666063510.0,,,,__unknown,,True,162,True,,,,,,,
6a5fd7d17096f0a31879b511,,__unknown_key_163,keydown,,,,,,s,1784666063630.0,,,,__unknown,,True,163,True,,,,,,,
6a5fd7d17096f0a31879b512,,__unknown_key_164,keydown,,,,,,a,1784666063870.0,,,,__unknown,,True,164,True,,,,,,,
6a5fdc14a5303295dabd932b,,__unknown_key_165,keydown,,,,,,a,1784667149885.0,,,,__unknown,,True,165,True,,,,,,,
6a5fdc14a5303295dabd932c,,__unknown_key_166,keydown,,,,,,s,1784667149988.0,,,,__unknown,,True,166,True,,,,,,,
6a5fdc14a5303295dabd932d,,__unknown_key_167,keydown,,,,,,d,1784667150098.0,,,,__unknown,,True,167,True,,,,,,,
6a5fdc14a5303295dabd932e,,__unknown_key_168,keydown,,,,,,Backspace,1784667153305.0,,,,__unknown,,True,168,True,,,,,,,
6a5fdc14a5303295dabd932f,,__unknown_key_169,keydown,,,,,,Backspace,1784667153455.0,,,,__unknown,,True,169,True,,,,,,,
6a5fd5fc5409b7b2c137b19e,,__unknown_key_17,keydown,,,,,, ,1784665587440.0,,,,__unknown,,True,17,True,,,,,,,
6a5fdc14a5303295dabd9330,,__unknown_key_170,keydown,,,,,,Backspace,1784667153584.0,,,,__unknown,,True,170,True,,,,,,,
6a5fdc14a5303295dabd9331,,__unknown_key_171,keydown,,,,,,a,1784667153678.0,,,,__unknown,,True,171,True,,,,,,,
6a5fdc14a5303295dabd9332,,__unknown_key_172,keydown,,,,,,s,1784667153778.0,,,,__unknown,,True,172,True,,,,,,,
6a5fdc14a5303295dabd9333,,__unknown_key_173,keydown,,,,,,d,1784667153874.0,,,,__unknown,,True,173,True,,,,,,,
6a5fdc14a5303295dabd9334,,__unknown_key_174,keydown,,,,,,f,1784667154458.0,,,,__unknown,,True,174,True,,,,,,,
6a5fdc14a5303295dabd9335,,__unknown_key_175,keydown,,,,,,f,1784667154659.0,,,,__unknown,,True,175,True,,,,,,,
6a5fdc14a5303295dabd9336,,__unknown_key_176,keydown,,,,,,d,1784667154710.0,,,,__unknown,,True,176,True,,,,,,,
6a5fdc14a5303295dabd9337,,__unknown_key_177,keydown,,,,,,s,1784667154799.0,,,,__unknown,,True,177,True,,,,,,,
6a5fdc14a5303295dabd9338,,__unknown_key_178,keydown,,,,,,a,1784667155028.0,,,,__unknown,,True,178,True,,,,,,,
6a5fdc46a5303295dabd9475,,__unknown_key_179,keydown,,,,,,Meta,1784667198958.0,,,,__unknown,,True,179,True,,,,,,,
6a5fd5fc5409b7b2c137b19f,,__unknown_key_18,keydown,,,,,,CapsLock,1784665587541.0,,,,__unknown,,True,18,True,,,,,,,
6a5fdc46a5303295dabd9476,,__unknown_key_180,keydown,,,,,,Shift,1784667199069.0,,,,__unknown,,True,180,True,,,,,,,
6a5fdc64a5303295dabd950d,,__unknown_key_181,keydown,,,,,,Meta,1784667230457.0,,,,__unknown,,True,181,True,,,,,,,
6a5fdc64a5303295dabd950e,,__unknown_key_182,keydown,,,,,,Shift,1784667230545.0,,,,__unknown,,True,182,True,,,,,,,
6a5fdf5ca5303295dabd9570,,__unknown_key_183,keydown,,,,,,a,1784667992947.0,,,,__unknown,,True,183,True,,,,,,,
6a5fdf5ca5303295dabd9571,,__unknown_key_184,keydown,,,,,,s,1784667993045.0,,,,__unknown,,True,184,True,,,,,,,
6a5fdf5ca5303295dabd9572,,__unknown_key_185,keydown,,,,,,d,1784667993116.0,,,,__unknown,,True,185,True,,,,,,,
6a5fdf5ca5303295dabd9573,,__unknown_key_186,keydown,,,,,,f,1784667993355.0,,,,__unknown,,True,186,True,,,,,,,
6a5fdf5ca5303295dabd9574,,__unknown_key_187,keydown,,,,,,d,1784667993519.0,,,,__unknown,,True,187,True,,,,,,,
6a5fdf5ca5303295dabd9575,,__unknown_key_188,keydown,,,,,,s,1784667993668.0,,,,__unknown,,True,188,True,,,,,,,
6a5fdf5ca5303295dabd9576,,__unknown_key_189,keydown,,,,,,a,1784667993963.0,,,,__unknown,,True,189,True,,,,,,,
6a5fd5fc5409b7b2c137b1a0,,__unknown_key_19,keydown,,,,,,O,1784665587636.0,,,,__unknown,,True,19,True,,,,,,,
6a5fdf81a5303295dabd963d,,__unknown_key_190,keydown,,,,,,Meta,1784668027415.0,,,,__unknown,,True,190,True,,,,,,,
6a5fdf81a5303295dabd963e,,__unknown_key_191,keydown,,,,,,Shift,1784668027484.0,,,,__unknown,,True,191,True,,,,,,,
6a5fe033a5303295dabd96db,,__unknown_key_192,keydown,,,,,,CapsLock,1784668203411.0,,,,__unknown,,True,192,True,,,,,,,
6a5fe033a5303295dabd96dc,,__unknown_key_193,keydown,,,,,,L,1784668203516.0,,,,__unknown,,True,193,True,,,,,,,
6a5fe033a5303295dabd96dd,,__unknown_key_194,keydown,,,,,,CapsLock,1784668203616.0,,,,__unknown,,True,194,True,,,,,,,
6a5fe033a5303295dabd96de,,__unknown_key_195,keydown,,,,,,a,1784668203722.0,,,,__unknown,,True,195,True,,,,,,,
6a5fe033a5303295dabd96df,,__unknown_key_196,keydown,,,,,,u,1784668203785.0,,,,__unknown,,True,196,True,,,,,,,
6a5fe033a5303295dabd96e0,,__unknown_key_197,keydown,,,,,,r,1784668203963.0,,,,__unknown,,True,197,True,,,,,,,
6a5fe033a5303295dabd96e1,,__unknown_key_198,keydown,,,,,,a,1784668204037.0,,,,__unknown,,True,198,True,,,,,,,
6a5fe033a5303295dabd96e2,,__unknown_key_199,keydown,,,,,, ,1784668204132.0,,,,__unknown,,True,199,True,,,,,,,
6a5fd5f25409b7b2c137b104,,__unknown_key_2,keydown,,,,,,L,1784665585534.0,,,,__unknown,,True,2,True,,,,,,,
6a5fd5fc5409b7b2c137b1a1,,__unknown_key_20,keydown,,,,,,CapsLock,1784665587727.0,,,,__unknown,,True,20,True,,,,,,,
6a5fe033a5303295dabd96e3,,__unknown_key_200,keydown,,,,,,CapsLock,1784668204254.0,,,,__unknown,,True,200,True,,,,,,,
6a5fe033a5303295dabd96e4,,__unknown_key_201,keydown,,,,,,S,1784668204360.0,,,,__unknown,,True,201,True,,,,,,,
6a5fe033a5303295dabd96e5,,__unknown_key_202,keydown,,,,,,CapsLock,1784668204461.0,,,,__unknown,,True,202,True,,,,,,,
6a5fe033a5303295dabd96e6,,__unknown_key_203,keydown,,,,,,a,1784668204517.0,,,,__unknown,,True,203,True,,,,,,,
6a5fe033a5303295dabd96e7,,__unknown_key_204,keydown,,,,,,n,1784668204636.0,,,,__unknown,,True,204,True,,,,,,,
6a5fe033a5303295dabd96e8,,__unknown_key_205,keydown,,,,,,t,1784668204737.0,,,,__unknown,,True,205,True,,,,,,,
6a5fe033a5303295dabd96e9,,__unknown_key_206,keydown,,,,,,o,1784668204830.0,,,,__unknown,,True,206,True,,,,,,,
6a5fe033a5303295dabd96ea,,__unknown_key_207,keydown,,,,,,s,1784668204938.0,,,,__unknown,,True,207,True,,,,,,,
6a5fe033a5303295dabd96eb,,__unknown_key_208,keydown,,,,,, ,1784668205187.0,,,,__unknown,,True,208,True,,,,,,,
6a5fe033a5303295dabd96ec,,__unknown_key_209,keydown,,,,,,CapsLock,1784668205399.0,,,,__unknown,,True,209,True,,,,,,,
6a5fd5fc5409b7b2c137b1a2,,__unknown_key_21,keydown,,,,,,l,1784665587767.0,,,,__unknown,,True,21,True,,,,,,,
6a5fe033a5303295dabd96ed,,__unknown_key_210,keydown,,,,,,O,1784668205399.0,,,,__unknown,,True,210,True,,,,,,,
6a5fe033a5303295dabd96ee,,__unknown_key_211,keydown,,,,,,CapsLock,1784668205487.0,,,,__unknown,,True,211,True,,,,,,,
6a5fe033a5303295dabd96ef,,__unknown_key_212,keydown,,,,,,l,1784668205532.0,,,,__unknown,,True,212,True,,,,,,,
6a5fe033a5303295dabd96f0,,__unknown_key_213,keydown,,,,,,i,1784668205688.0,,,,__unknown,,True,213,True,,,,,,,
6a5fe033a5303295dabd96f1,,__unknown_key_214,keydown,,,,,,v,1784668205759.0,,,,__unknown,,True,214,True,,,,,,,
6a5fe033a5303295dabd96f2,,__unknown_key_215,keydown,,,,,,e,1784668205831.0,,,,__unknown,,True,215,True,,,,,,,
6a5fe033a5303295dabd96f3,,__unknown_key_216,keydown,,,,,,i,1784668205886.0,,,,__unknown,,True,216,True,,,,,,,
6a5fe033a5303295dabd96f4,,__unknown_key_217,keydown,,,,,,r,1784668205985.0,,,,__unknown,,True,217,True,,,,,,,
6a5fe033a5303295dabd96f5,,__unknown_key_218,keydown,,,,,,a,1784668206049.0,,,,__unknown,,True,218,True,,,,,,,
6a5fe033a5303295dabd96f6,,__unknown_key_219,keydown,,,,,,l,1784668207476.0,,,,__unknown,,True,219,True,,,,,,,
6a5fd5fc5409b7b2c137b1a3,,__unknown_key_22,keydown,,,,,,i,1784665587935.0,,,,__unknown,,True,22,True,,,,,,,
6a5fe033a5303295dabd96f7,,__unknown_key_220,keydown,,,,,,a,1784668207596.0,,,,__unknown,,True,220,True,,,,,,,
6a5fe033a5303295dabd96f8,,__unknown_key_221,keydown,,,,,,u,1784668207710.0,,,,__unknown,,True,221,True,,,,,,,
6a5fe033a5303295dabd96f9,,__unknown_key_222,keydown,,,,,,r,1784668207801.0,,,,__unknown,,True,222,True,,,,,,,
6a5fe033a5303295dabd96fa,,__unknown_key_223,keydown,,,,,,a,1784668207848.0,,,,__unknown,,True,223,True,,,,,,,
6a5fe033a5303295dabd96fb,,__unknown_key_224,keydown,,,,,,Shift,1784668209145.0,,,,__unknown,,True,224,True,,,,,,,
6a5fe033a5303295dabd96fc,,__unknown_key_225,keydown,,,,,,@,1784668209298.0,,,,__unknown,,True,225,True,,,,,,,
6a5fe033a5303295dabd96fd,,__unknown_key_226,keydown,,,,,,e,1784668209554.0,,,,__unknown,,True,226,True,,,,,,,
6a5fe033a5303295dabd96fe,,__unknown_key_227,keydown,,,,,,m,1784668209638.0,,,,__unknown,,True,227,True,,,,,,,
6a5fe033a5303295dabd96ff,,__unknown_key_228,keydown,,,,,,p,1784668209759.0,,,,__unknown,,True,228,True,,,,,,,
6a5fe033a5303295dabd9700,,__unknown_key_229,keydown,,,,,,r,1784668209824.0,,,,__unknown,,True,229,True,,,,,,,
6a5fd5fc5409b7b2c137b1a4,,__unknown_key_23,keydown,,,,,,v,1784665587960.0,,,,__unknown,,True,23,True,,,,,,,
6a5fe033a5303295dabd9701,,__unknown_key_230,keydown,,,,,,e,1784668209869.0,,,,__unknown,,True,230,True,,,,,,,
6a5fe033a5303295dabd9702,,__unknown_key_231,keydown,,,,,,s,1784668210042.0,,,,__unknown,,True,231,True,,,,,,,
6a5fe033a5303295dabd9703,,__unknown_key_232,keydown,,,,,,a,1784668210136.0,,,,__unknown,,True,232,True,,,,,,,
6a5fe033a5303295dabd9704,,__unknown_key_233,keydown,,,,,,.,1784668210377.0,,,,__unknown,,True,233,True,,,,,,,
6a5fe033a5303295dabd9705,,__unknown_key_234,keydown,,,,,,c,1784668210556.0,,,,__unknown,,True,234,True,,,,,,,
6a5fe033a5303295dabd9706,,__unknown_key_235,keydown,,,,,,o,1784668210681.0,,,,__unknown,,True,235,True,,,,,,,
6a5fe033a5303295dabd9707,,__unknown_key_236,keydown,,,,,,m,1784668210773.0,,,,__unknown,,True,236,True,,,,,,,
6a5fe03da5303295dabd97a4,,__unknown_key_237,keydown,,,,,,CapsLock,1784668212435.0,,,,__unknown,,True,237,True,,,,,,,
6a5fe03da5303295dabd97a5,,__unknown_key_238,keydown,,,,,,T,1784668212508.0,,,,__unknown,,True,238,True,,,,,,,
6a5fe03da5303295dabd97a6,,__unknown_key_239,keydown,,,,,,CapsLock,1784668212603.0,,,,__unknown,,True,239,True,,,,,,,
6a5fd5fc5409b7b2c137b1a5,,__unknown_key_24,keydown,,,,,,e,1784665588120.0,,,,__unknown,,True,24,True,,,,,,,
6a5fe03da5303295dabd97a7,,__unknown_key_240,keydown,,,,,,e,1784668212807.0,,,,__unknown,,True,240,True,,,,,,,
6a5fe03da5303295dabd97a8,,__unknown_key_241,keydown,,,,,,s,1784668212956.0,,,,__unknown,,True,241,True,,,,,,,
6a5fe03da5303295dabd97a9,,__unknown_key_242,keydown,,,,,,t,1784668213040.0,,,,__unknown,,True,242,True,,,,,,,
6a5fe03da5303295dabd97aa,,__unknown_key_243,keydown,,,,,,e,1784668213240.0,,,,__unknown,,True,243,True,,,,,,,
6a5fe03da5303295dabd97ab,,__unknown_key_244,keydown,,,,,, ,1784668213677.0,,,,__unknown,,True,244,True,,,,,,,
6a5fe03da5303295dabd97ac,,__unknown_key_245,keydown,,,,,,t,1784668213864.0,,,,__unknown,,True,245,True,,,,,,,
6a5fe03da5303295dabd97ad,,__unknown_key_246,keydown,,,,,,e,1784668213956.0,,,,__unknown,,True,246,True,,,,,,,
6a5fe03da5303295dabd97ae,,__unknown_key_247,keydown,,,,,,s,1784668214118.0,,,,__unknown,,True,247,True,,,,,,,
6a5fe03da5303295dabd97af,,__unknown_key_248,keydown,,,,,,t,1784668214205.0,,,,__unknown,,True,248,True,,,,,,,
6a5fe03da5303295dabd97b0,,__unknown_key_249,keydown,,,,,,e,1784668214318.0,,,,__unknown,,True,249,True,,,,,,,
6a5fd5fc5409b7b2c137b1a6,,__unknown_key_25,keydown,,,,,,i,1784665588193.0,,,,__unknown,,True,25,True,,,,,,,
6a5fe03da5303295dabd97b1,,__unknown_key_250,keydown,,,,,, ,1784668214434.0,,,,__unknown,,True,250,True,,,,,,,
6a5fe03da5303295dabd97b2,,__unknown_key_251,keydown,,,,,,t,1784668214629.0,,,,__unknown,,True,251,True,,,,,,,
6a5fe03da5303295dabd97b3,,__unknown_key_252,keydown,,,,,,e,1784668214695.0,,,,__unknown,,True,252,True,,,,,,,
6a5fe03da5303295dabd97b4,,__unknown_key_253,keydown,,,,,,s,1784668214863.0,,,,__unknown,,True,253,True,,,,,,,
6a5fe03da5303295dabd97b5,,__unknown_key_254,keydown,,,,,,t,1784668215771.0,,,,__unknown,,True,254,True,,,,,,,
6a5fe03da5303295dabd97b6,,__unknown_key_255,keydown,,,,,,e,1784668216064.0,,,,__unknown,,True,255,True,,,,,,,
6a5fe03da5303295dabd97b7,,__unknown_key_256,keydown,,,,,, ,1784668216189.0,,,,__unknown,,True,256,True,,,,,,,
6a5fe03da5303295dabd97b8,,__unknown_key_257,keydown,,,,,,t,1784668216341.0,,,,__unknown,,True,257,True,,,,,,,
6a5fe03da5303295dabd97b9,,__unknown_key_258,keydown,,,,,,e,1784668216424.0,,,,__unknown,,True,258,True,,,,,,,
6a5fe03da5303295dabd97ba,,__unknown_key_259,keydown,,,,,,s,1784668216577.0,,,,__unknown,,True,259,True,,,,,,,
6a5fd5fc5409b7b2c137b1a7,,__unknown_key_26,keydown,,,,,,r,1784665588298.0,,,,__unknown,,True,26,True,,,,,,,
6a5fe03da5303295dabd97bb,,__unknown_key_260,keydown,,,,,,t,1784668216689.0,,,,__unknown,,True,260,True,,,,,,,
6a5fe03da5303295dabd97bc,,__unknown_key_261,keydown,,,,,,e,1784668216765.0,,,,__unknown,,True,261,True,,,,,,,
6a5fe03da5303295dabd97bd,,__unknown_key_262,keydown,,,,,, ,1784668216887.0,,,,__unknown,,True,262,True,,,,,,,
6a5fe03da5303295dabd97be,,__unknown_key_263,keydown,,,,,,t,1784668217082.0,,,,__unknown,,True,263,True,,,,,,,
6a5fe03da5303295dabd97bf,,__unknown_key_264,keydown,,,,,,e,1784668217164.0,,,,__unknown,,True,264,True,,,,,,,
6a5fe03da5303295dabd97c0,,__unknown_key_265,keydown,,,,,,s,1784668217318.0,,,,__unknown,,True,265,True,,,,,,,
6a5fe03da5303295dabd97c1,,__unknown_key_266,keydown,,,,,,t,1784668217466.0,,,,__unknown,,True,266,True,,,,,,,
6a5fe03da5303295dabd97c2,,__unknown_key_267,keydown,,,,,,e,1784668217610.0,,,,__unknown,,True,267,True,,,,,,,
6a5fe03da5303295dabd97c3,,__unknown_key_268,keydown,,,,,, ,1784668217848.0,,,,__unknown,,True,268,True,,,,,,,
6a5fe03da5303295dabd97c4,,__unknown_key_269,keydown,,,,,,t,1784668218031.0,,,,__unknown,,True,269,True,,,,,,,
6a5fd5fc5409b7b2c137b1a8,,__unknown_key_27,keydown,,,,,,a,1784665588374.0,,,,__unknown,,True,27,True,,,,,,,
6a5fe03da5303295dabd97c5,,__unknown_key_270,keydown,,,,,,e,1784668218110.0,,,,__unknown,,True,270,True,,,,,,,
6a5fe03da5303295dabd97c6,,__unknown_key_271,keydown,,,,,,s,1784668218269.0,,,,__unknown,,True,271,True,,,,,,,
6a5fe03da5303295dabd97c7,,__unknown_key_272,keydown,,,,,,t,1784668218402.0,,,,__unknown,,True,272,True,,,,,,,
6a5fe03da5303295dabd97c8,,__unknown_key_273,keydown,,,,,,e,1784668218461.0,,,,__unknown,,True,273,True,,,,,,,
6a5fe03da5303295dabd97c9,,__unknown_key_274,keydown,,,,,,.,1784668219375.0,,,,__unknown,,True,274,True,,,,,,,
6a5fe03da5303295dabd97ca,,__unknown_key_275,keydown,,,,,,ArrowRight,1784668220599.0,,,,__unknown,,True,275,True,,,,,,,
6a5fe03da5303295dabd97f4,,__unknown_key_276,shortcut,,,,,,Ctrl+A,1784668219848.0,,,,__unknown,,True,276,True,,,,,,,
6a5fe03da5303295dabd97f5,,__unknown_key_277,shortcut,,,,,,Ctrl+C,1784668220137.0,,,,__unknown,,True,277,True,,,,,,,
6a5fe047a5303295dabd97f6,,__unknown_key_278,keydown,,,,,,Shift,1784668221588.0,,,,__unknown,,True,278,True,,,,,,,
6a5fe047a5303295dabd97f7,,__unknown_key_279,keydown,,,,,,Enter,1784668221915.0,,,,__unknown,,True,279,True,,,,,,,
6a5fd5fc5409b7b2c137b1a9,,__unknown_key_28,keydown,,,,,,l,1784665590848.0,,,,__unknown,,True,28,True,,,,,,,
6a5fe047a5303295dabd97f8,,__unknown_key_280,keydown,,,,,,Enter,1784668222289.0,,,,__unknown,,True,280,True,,,,,,,
6a5fe047a5303295dabd97f9,,__unknown_key_281,keydown,,,,,,Enter,1784668222522.0,,,,__unknown,,True,281,True,,,,,,,
6a5fe047a5303295dabd97fa,,__unknown_key_282,keydown,,,,,,Enter,1784668222758.0,,,,__unknown,,True,282,True,,,,,,,
6a5fe047a5303295dabd97fb,,__unknown_key_283,keydown,,,,,,Enter,1784668223385.0,,,,__unknown,,True,283,True,,,,,,,
6a5fe047a5303295dabd97fc,,__unknown_key_284,keydown,,,,,,Enter,1784668223965.0,,,,__unknown,,True,284,True,,,,,,,
6a5fe047a5303295dabd97fd,,__unknown_key_285,keydown,,,,,,Enter,1784668224487.0,,,,__unknown,,True,285,True,,,,,,,
6a5fe047a5303295dabd97fe,,__unknown_key_286,keydown,,,,,,Enter,1784668224864.0,,,,__unknown,,True,286,True,,,,,,,
6a5fe047a5303295dabd97ff,,__unknown_key_287,keydown,,,,,,Enter,1784668225135.0,,,,__unknown,,True,287,True,,,,,,,
6a5fe047a5303295dabd9800,,__unknown_key_288,keydown,,,,,,Enter,1784668225451.0,,,,__unknown,,True,288,True,,,,,,,
6a5fe047a5303295dabd9801,,__unknown_key_289,keydown,,,,,,Enter,1784668225775.0,,,,__unknown,,True,289,True,,,,,,,
6a5fd5fc5409b7b2c137b1aa,,__unknown_key_29,keydown,,,,,,a,1784665590957.0,,,,__unknown,,True,29,True,,,,,,,
6a5fe047a5303295dabd9802,,__unknown_key_290,keydown,,,,,,Enter,1784668226264.0,,,,__unknown,,True,290,True,,,,,,,
6a5fe047a5303295dabd9803,,__unknown_key_291,keydown,,,,,,ArrowUp,1784668228254.0,,,,__unknown,,True,291,True,,,,,,,
6a5fe047a5303295dabd9804,,__unknown_key_292,keydown,,,,,,ArrowDown,1784668228300.0,,,,__unknown,,True,292,True,,,,,,,
6a5fe047a5303295dabd9805,,__unknown_key_293,keydown,,,,,,Enter,1784668228726.0,,,,__unknown,,True,293,True,,,,,,,
6a5fe047a5303295dabd9806,,__unknown_key_294,keydown,,,,,,Enter,1784668229292.0,,,,__unknown,,True,294,True,,,,,,,
6a5fe047a5303295dabd9807,,__unknown_key_295,keydown,,,,,,Enter,1784668229730.0,,,,__unknown,,True,295,True,,,,,,,
6a5fe047a5303295dabd9808,,__unknown_key_296,keydown,,,,,,Enter,1784668230183.0,,,,__unknown,,True,296,True,,,,,,,
6a5fe047a5303295dabd9809,,__unknown_key_297,keydown,,,,,,Enter,1784668230655.0,,,,__unknown,,True,297,True,,,,,,,
6a5fe047a5303295dabd980a,,__unknown_key_298,shortcut,,,,,,Ctrl+V,1784668222160.0,,,,__unknown,,True,298,True,,,,,,,
6a5fe047a5303295dabd980b,,__unknown_key_299,shortcut,,,,,,Ctrl+V,1784668222462.0,,,,__unknown,,True,299,True,,,,,,,
6a5fd5f25409b7b2c137b105,,__unknown_key_3,keydown,,,,,,CapsLock,1784665585627.0,,,,__unknown,,True,3,True,,,,,,,
6a5fd5fc5409b7b2c137b1ab,,__unknown_key_30,keydown,,,,,,u,1784665591073.0,,,,__unknown,,True,30,True,,,,,,,
6a5fe047a5303295dabd980c,,__unknown_key_300,shortcut,,,,,,Ctrl+V,1784668222727.0,,,,__unknown,,True,300,True,,,,,,,
6a5fe047a5303295dabd980d,,__unknown_key_301,shortcut,,,,,,Ctrl+V,1784668224227.0,,,,__unknown,,True,301,True,,,,,,,
6a5fe047a5303295dabd980e,,__unknown_key_302,shortcut,,,,,,Ctrl+V,1784668224692.0,,,,__unknown,,True,302,True,,,,,,,
6a5fe047a5303295dabd980f,,__unknown_key_303,shortcut,,,,,,Ctrl+V,1784668225056.0,,,,__unknown,,True,303,True,,,,,,,
6a5fe047a5303295dabd9810,,__unknown_key_304,shortcut,,,,,,Ctrl+V,1784668225384.0,,,,__unknown,,True,304,True,,,,,,,
6a5fe047a5303295dabd9811,,__unknown_key_305,shortcut,,,,,,Ctrl+V,1784668226435.0,,,,__unknown,,True,305,True,,,,,,,
6a5fe047a5303295dabd9812,,__unknown_key_306,shortcut,,,,,,Ctrl+A,1784668227261.0,,,,__unknown,,True,306,True,,,,,,,
6a5fe047a5303295dabd9813,,__unknown_key_307,shortcut,,,,,,Ctrl+C,1784668227791.0,,,,__unknown,,True,307,True,,,,,,,
6a5fe047a5303295dabd9814,,__unknown_key_308,shortcut,,,,,,Ctrl+V,1784668228957.0,,,,__unknown,,True,308,True,,,,,,,
6a5fe047a5303295dabd9815,,__unknown_key_309,shortcut,,,,,,Ctrl+V,1784668229516.0,,,,__unknown,,True,309,True,,,,,,,
6a5fd5fc5409b7b2c137b1ac,,__unknown_key_31,keydown,,,,,,r,1784665591156.0,,,,__unknown,,True,31,True,,,,,,,
6a5fe047a5303295dabd9816,,__unknown_key_310,shortcut,,,,,,Ctrl+V,1784668229949.0,,,,__unknown,,True,310,True,,,,,,,
6a5fe047a5303295dabd9817,,__unknown_key_311,shortcut,,,,,,Ctrl+V,1784668230408.0,,,,__unknown,,True,311,True,,,,,,,
6a5fe047a5303295dabd9818,,__unknown_key_312,shortcut,,,,,,Ctrl+V,1784668230935.0,,,,__unknown,,True,312,True,,,,,,,
6a5fe051a5303295dabd9819,,__unknown_key_313,keydown,,,,,,Enter,1784668231177.0,,,,__unknown,,True,313,True,,,,,,,
6a5fe051a5303295dabd986a,,__unknown_key_314,shortcut,,,,,,Ctrl+V,1784668231424.0,,,,__unknown,,True,314,True,,,,,,,
6a5fe105a5303295dabd99a4,,__unknown_key_315,keydown,,,,,,a,1784668416886.0,,,,__unknown,,True,315,True,,,,,,,
6a5fe105a5303295dabd99a5,,__unknown_key_316,keydown,,,,,,s,1784668416970.0,,,,__unknown,,True,316,True,,,,,,,
6a5fe105a5303295dabd99a6,,__unknown_key_317,keydown,,,,,,d,1784668417045.0,,,,__unknown,,True,317,True,,,,,,,
6a5fe105a5303295dabd99a7,,__unknown_key_318,keydown,,,,,,f,1784668417349.0,,,,__unknown,,True,318,True,,,,,,,
6a5fe105a5303295dabd99a8,,__unknown_key_319,keydown,,,,,,f,1784668417540.0,,,,__unknown,,True,319,True,,,,,,,
6a5fd5fc5409b7b2c137b1ad,,__unknown_key_32,keydown,,,,,,a,1784665591203.0,,,,__unknown,,True,32,True,,,,,,,
6a5fe105a5303295dabd99a9,,__unknown_key_320,keydown,,,,,,d,1784668417586.0,,,,__unknown,,True,320,True,,,,,,,
6a5fe105a5303295dabd99aa,,__unknown_key_321,keydown,,,,,,s,1784668417722.0,,,,__unknown,,True,321,True,,,,,,,
6a5fe105a5303295dabd99ab,,__unknown_key_322,keydown,,,,,,a,1784668417934.0,,,,__unknown,,True,322,True,,,,,,,
6a5fe110a5303295dabd9a86,,__unknown_key_323,keydown,,,,,,a,1784668423552.0,,,,__unknown,,True,323,True,,,,,,,
6a5fe110a5303295dabd9a87,,__unknown_key_324,keydown,,,,,,d,1784668423669.0,,,,__unknown,,True,324,True,,,,,,,
6a5fe110a5303295dabd9a88,,__unknown_key_325,keydown,,,,,,s,1784668423803.0,,,,__unknown,,True,325,True,,,,,,,
6a5fe110a5303295dabd9a89,,__unknown_key_326,keydown,,,,,,a,1784668423807.0,,,,__unknown,,True,326,True,,,,,,,
6a5fe110a5303295dabd9a8a,,__unknown_key_327,keydown,,,,,,d,1784668423971.0,,,,__unknown,,True,327,True,,,,,,,
6a5fe110a5303295dabd9a8b,,__unknown_key_328,keydown,,,,,,a,1784668424067.0,,,,__unknown,,True,328,True,,,,,,,
6a5fe110a5303295dabd9a8c,,__unknown_key_329,keydown,,,,,,s,1784668424072.0,,,,__unknown,,True,329,True,,,,,,,
6a5fd5fc5409b7b2c137b1ae,,__unknown_key_33,keydown,,,,,,Shift,1784665591418.0,,,,__unknown,,True,33,True,,,,,,,
6a5fe110a5303295dabd9a8d,,__unknown_key_330,keydown,,,,,,a,1784668428148.0,,,,__unknown,,True,330,True,,,,,,,
6a5fe110a5303295dabd9a8e,,__unknown_key_331,keydown,,,,,,s,1784668428217.0,,,,__unknown,,True,331,True,,,,,,,
6a5fe110a5303295dabd9a8f,,__unknown_key_332,keydown,,,,,,d,1784668428304.0,,,,__unknown,,True,332,True,,,,,,,
6a5fe110a5303295dabd9a90,,__unknown_key_333,keydown,,,,,,a,1784668428457.0,,,,__unknown,,True,333,True,,,,,,,
6a5fe110a5303295dabd9a91,,__unknown_key_334,keydown,,,,,,s,1784668428528.0,,,,__unknown,,True,334,True,,,,,,,
6a5fe110a5303295dabd9a92,,__unknown_key_335,keydown,,,,,,d,1784668428551.0,,,,__unknown,,True,335,True,,,,,,,
6a5fe110a5303295dabd9a93,,__unknown_key_336,keydown,,,,,,d,1784668428767.0,,,,__unknown,,True,336,True,,,,,,,
6a5fe110a5303295dabd9a94,,__unknown_key_337,keydown,,,,,,a,1784668428778.0,,,,__unknown,,True,337,True,,,,,,,
6a5fe110a5303295dabd9a95,,__unknown_key_338,keydown,,,,,,s,1784668428785.0,,,,__unknown,,True,338,True,,,,,,,
6a5fe110a5303295dabd9a96,,__unknown_key_339,keydown,,,,,,d,1784668428952.0,,,,__unknown,,True,339,True,,,,,,,
6a5fd5fc5409b7b2c137b1af,,__unknown_key_34,keydown,,,,,,@,1784665591581.0,,,,__unknown,,True,34,True,,,,,,,
6a5fe110a5303295dabd9a97,,__unknown_key_340,keydown,,,,,,a,1784668429706.0,,,,__unknown,,True,340,True,,,,,,,
6a5fe110a5303295dabd9a98,,__unknown_key_341,keydown,,,,,,s,1784668429737.0,,,,__unknown,,True,341,True,,,,,,,
6a5fe110a5303295dabd9a99,,__unknown_key_342,keydown,,,,,,d,1784668429938.0,,,,__unknown,,True,342,True,,,,,,,
6a5fe110a5303295dabd9a9a,,__unknown_key_343,keydown,,,,,,a,1784668429962.0,,,,__unknown,,True,343,True,,,,,,,
6a5fe110a5303295dabd9a9b,,__unknown_key_344,keydown,,,,,,s,1784668429973.0,,,,__unknown,,True,344,True,,,,,,,
6a5fe110a5303295dabd9a9c,,__unknown_key_345,keydown,,,,,,d,1784668430142.0,,,,__unknown,,True,345,True,,,,,,,
6a5fe110a5303295dabd9a9d,,__unknown_key_346,keydown,,,,,,s,1784668430183.0,,,,__unknown,,True,346,True,,,,,,,
6a5fe110a5303295dabd9a9e,,__unknown_key_347,keydown,,,,,,a,1784668430457.0,,,,__unknown,,True,347,True,,,,,,,
6a5fe110a5303295dabd9a9f,,__unknown_key_348,keydown,,,,,,s,1784668430525.0,,,,__unknown,,True,348,True,,,,,,,
6a5fe110a5303295dabd9aa0,,__unknown_key_349,keydown,,,,,,d,1784668430631.0,,,,__unknown,,True,349,True,,,,,,,
6a5fd5fc5409b7b2c137b1b0,,__unknown_key_35,keydown,,,,,,e,1784665592043.0,,,,__unknown,,True,35,True,,,,,,,
6a5fe110a5303295dabd9aa1,,__unknown_key_350,keydown,,,,,,a,1784668430710.0,,,,__unknown,,True,350,True,,,,,,,
6a5fe110a5303295dabd9aa2,,__unknown_key_351,keydown,,,,,,s,1784668430754.0,,,,__unknown,,True,351,True,,,,,,,
6a5fe110a5303295dabd9aa3,,__unknown_key_352,keydown,,,,,,d,1784668430842.0,,,,__unknown,,True,352,True,,,,,,,
6a5fe112a5303295dabd9c9a,,__unknown_key_353,shortcut,,,,,,Ctrl+A,1784668432018.0,,,,__unknown,,True,353,True,,,,,,,
6a5fe11ba5303295dabd9dc1,,__unknown_key_354,shortcut,,,,,,Ctrl+C,1784668432381.0,,,,__unknown,,True,354,True,,,,,,,
6a5fe11ba5303295dabd9dc2,,__unknown_key_355,shortcut,,,,,,Ctrl+V,1784668433555.0,,,,__unknown,,True,355,True,,,,,,,
6a5fe225a5303295dabd9dc3,,__unknown_key_356,keydown,,,,,,a,1784668702201.0,,,,__unknown,,True,356,True,,,,,,,
6a5fe225a5303295dabd9dc4,,__unknown_key_357,keydown,,,,,,s,1784668702270.0,,,,__unknown,,True,357,True,,,,,,,
6a5fe225a5303295dabd9dc5,,__unknown_key_358,keydown,,,,,,d,1784668702362.0,,,,__unknown,,True,358,True,,,,,,,
6a5fe225a5303295dabd9dc6,,__unknown_key_359,keydown,,,,,,a,1784668702458.0,,,,__unknown,,True,359,True,,,,,,,
6a5fd5fc5409b7b2c137b1b1,,__unknown_key_36,keydown,,,,,,m,1784665592130.0,,,,__unknown,,True,36,True,,,,,,,
6a5fe225a5303295dabd9dc7,,__unknown_key_360,keydown,,,,,,s,1784668702511.0,,,,__unknown,,True,360,True,,,,,,,
6a5fe225a5303295dabd9dc8,,__unknown_key_361,keydown,,,,,,d,1784668702575.0,,,,__unknown,,True,361,True,,,,,,,
6a5fe225a5303295dabd9dc9,,__unknown_key_362,keydown,,,,,,a,1784668703178.0,,,,__unknown,,True,362,True,,,,,,,
6a5fe225a5303295dabd9dca,,__unknown_key_363,keydown,,,,,,s,1784668703262.0,,,,__unknown,,True,363,True,,,,,,,
6a5fe225a5303295dabd9dcb,,__unknown_key_364,keydown,,,,,,d,1784668703370.0,,,,__unknown,,True,364,True,,,,,,,
6a5fe225a5303295dabd9dcc,,__unknown_key_365,keydown,,,,,,s,1784668703461.0,,,,__unknown,,True,365,True,,,,,,,
6a5fe225a5303295dabd9dcd,,__unknown_key_366,keydown,,,,,,a,1784668703468.0,,,,__unknown,,True,366,True,,,,,,,
6a5fe225a5303295dabd9dce,,__unknown_key_367,keydown,,,,,,a,1784668703802.0,,,,__unknown,,True,367,True,,,,,,,
6a5fe225a5303295dabd9dcf,,__unknown_key_368,keydown,,,,,,s,1784668703904.0,,,,__unknown,,True,368,True,,,,,,,
6a5fe225a5303295dabd9dd0,,__unknown_key_369,keydown,,,,,,d,1784668703937.0,,,,__unknown,,True,369,True,,,,,,,
6a5fd5fc5409b7b2c137b1b2,,__unknown_key_37,keydown,,,,,,p,1784665592515.0,,,,__unknown,,True,37,True,,,,,,,
6a5fe225a5303295dabd9dd1,,__unknown_key_370,keydown,,,,,,s,1784668704061.0,,,,__unknown,,True,370,True,,,,,,,
6a5fe225a5303295dabd9dd2,,__unknown_key_371,keydown,,,,,,a,1784668704077.0,,,,__unknown,,True,371,True,,,,,,,
6a5fe225a5303295dabd9dd3,,__unknown_key_372,keydown,,,,,,d,1784668704136.0,,,,__unknown,,True,372,True,,,,,,,
6a5fe225a5303295dabd9dd4,,__unknown_key_373,keydown,,,,,,a,1784668709052.0,,,,__unknown,,True,373,True,,,,,,,
6a5fe225a5303295dabd9dd5,,__unknown_key_374,keydown,,,,,,s,1784668709115.0,,,,__unknown,,True,374,True,,,,,,,
6a5fe225a5303295dabd9dd6,,__unknown_key_375,keydown,,,,,,d,1784668709190.0,,,,__unknown,,True,375,True,,,,,,,
6a5fe225a5303295dabd9dd7,,__unknown_key_376,keydown,,,,,,a,1784668709311.0,,,,__unknown,,True,376,True,,,,,,,
6a5fe684fa8bb1a9c5bcc09f,,__unknown_key_377,keydown,,,,,,CapsLock,1784669822079.0,,,,__unknown,,True,377,True,,,,,,,
6a5fe684fa8bb1a9c5bcc0a0,,__unknown_key_378,keydown,,,,,,L,1784669822169.0,,,,__unknown,,True,378,True,,,,,,,
6a5fe684fa8bb1a9c5bcc0a1,,__unknown_key_379,keydown,,,,,,CapsLock,1784669822265.0,,,,__unknown,,True,379,True,,,,,,,
6a5fd5fc5409b7b2c137b1b3,,__unknown_key_38,keydown,,,,,,r,1784665592610.0,,,,__unknown,,True,38,True,,,,,,,
6a5fe684fa8bb1a9c5bcc0a2,,__unknown_key_380,keydown,,,,,,a,1784669822370.0,,,,__unknown,,True,380,True,,,,,,,
6a5fe684fa8bb1a9c5bcc0a3,,__unknown_key_381,keydown,,,,,,u,1784669822484.0,,,,__unknown,,True,381,True,,,,,,,
6a5fe684fa8bb1a9c5bcc0a4,,__unknown_key_382,keydown,,,,,,r,1784669822651.0,,,,__unknown,,True,382,True,,,,,,,
6a5fe684fa8bb1a9c5bcc0a5,,__unknown_key_383,keydown,,,,,,a,1784669822706.0,,,,__unknown,,True,383,True,,,,,,,
6a5fe684fa8bb1a9c5bcc0a6,,__unknown_key_384,keydown,,,,,, ,1784669822780.0,,,,__unknown,,True,384,True,,,,,,,
6a5fe684fa8bb1a9c5bcc0a7,,__unknown_key_385,keydown,,,,,,CapsLock,1784669822909.0,,,,__unknown,,True,385,True,,,,,,,
6a5fe684fa8bb1a9c5bcc0a8,,__unknown_key_386,keydown,,,,,,S,1784669822984.0,,,,__unknown,,True,386,True,,,,,,,
6a5fe684fa8bb1a9c5bcc0a9,,__unknown_key_387,keydown,,,,,,CapsLock,1784669823098.0,,,,__unknown,,True,387,True,,,,,,,
6a5fe684fa8bb1a9c5bcc0aa,,__unknown_key_388,keydown,,,,,,a,1784669823163.0,,,,__unknown,,True,388,True,,,,,,,
6a5fe684fa8bb1a9c5bcc0ab,,__unknown_key_389,keydown,,,,,,n,1784669823279.0,,,,__unknown,,True,389,True,,,,,,,
6a5fd5fc5409b7b2c137b1b4,,__unknown_key_39,keydown,,,,,,e,1784665592655.0,,,,__unknown,,True,39,True,,,,,,,
6a5fe684fa8bb1a9c5bcc0ac,,__unknown_key_390,keydown,,,,,,t,1784669823374.0,,,,__unknown,,True,390,True,,,,,,,
6a5fe684fa8bb1a9c5bcc0ad,,__unknown_key_391,keydown,,,,,,o,1784669823445.0,,,,__unknown,,True,391,True,,,,,,,
6a5fe684fa8bb1a9c5bcc0ae,,__unknown_key_392,keydown,,,,,,e,1784669823510.0,,,,__unknown,,True,392,True,,,,,,,
6a5fe684fa8bb1a9c5bcc0af,,__unknown_key_393,keydown,,,,,,d,1784669823523.0,,,,__unknown,,True,393,True,,,,,,,
6a5fe684fa8bb1a9c5bcc0b0,,__unknown_key_394,keydown,,,,,, ,1784669823728.0,,,,__unknown,,True,394,True,,,,,,,
6a5fe684fa8bb1a9c5bcc0b1,,__unknown_key_395,keydown,,,,,,Backspace,1784669823940.0,,,,__unknown,,True,395,True,,,,,,,
6a5fe684fa8bb1a9c5bcc0b2,,__unknown_key_396,keydown,,,,,,Backspace,1784669824081.0,,,,__unknown,,True,396,True,,,,,,,
6a5fe684fa8bb1a9c5bcc0b3,,__unknown_key_397,keydown,,,,,,Backspace,1784669824191.0,,,,__unknown,,True,397,True,,,,,,,
6a5fe684fa8bb1a9c5bcc0b4,,__unknown_key_398,keydown,,,,,,s,1784669824273.0,,,,__unknown,,True,398,True,,,,,,,
6a5fe684fa8bb1a9c5bcc0b5,,__unknown_key_399,keydown,,,,,, ,1784669824380.0,,,,__unknown,,True,399,True,,,,,,,
6a5fd5f25409b7b2c137b106,,__unknown_key_4,keydown,,,,,,a,1784665585744.0,,,,__unknown,,True,4,True,,,,,,,
6a5fd5fc5409b7b2c137b1b5,,__unknown_key_40,keydown,,,,,,s,1784665592835.0,,,,__unknown,,True,40,True,,,,,,,
6a5fe684fa8bb1a9c5bcc0b6,,__unknown_key_400,keydown,,,,,,CapsLock,1784669824450.0,,,,__unknown,,True,400,True,,,,,,,
6a5fe684fa8bb1a9c5bcc0b7,,__unknown_key_401,keydown,,,,,,O,1784669824554.0,,,,__unknown,,True,401,True,,,,,,,
6a5fe684fa8bb1a9c5bcc0b8,,__unknown_key_402,keydown,,,,,,CapsLock,1784669824608.0,,,,__unknown,,True,402,True,,,,,,,
6a5fe684fa8bb1a9c5bcc0b9,,__unknown_key_403,keydown,,,,,,l,1784669824682.0,,,,__unknown,,True,403,True,,,,,,,
6a5fe684fa8bb1a9c5bcc0ba,,__unknown_key_404,keydown,,,,,,i,1784669824832.0,,,,__unknown,,True,404,True,,,,,,,
6a5fe684fa8bb1a9c5bcc0bb,,__unknown_key_405,keydown,,,,,,v,1784669824884.0,,,,__unknown,,True,405,True,,,,,,,
6a5fe684fa8bb1a9c5bcc0bc,,__unknown_key_406,keydown,,,,,,e,1784669824965.0,,,,__unknown,,True,406,True,,,,,,,
6a5fe684fa8bb1a9c5bcc0bd,,__unknown_key_407,keydown,,,,,,i,1784669825021.0,,,,__unknown,,True,407,True,,,,,,,
6a5fe684fa8bb1a9c5bcc0be,,__unknown_key_408,keydown,,,,,,r,1784669825112.0,,,,__unknown,,True,408,True,,,,,,,
6a5fe684fa8bb1a9c5bcc0bf,,__unknown_key_409,keydown,,,,,,a,1784669825167.0,,,,__unknown,,True,409,True,,,,,,,
6a5fd5fc5409b7b2c137b1b6,,__unknown_key_41,keydown,,,,,,a,1784665592918.0,,,,__unknown,,True,41,True,,,,,,,
6a5fe684fa8bb1a9c5bcc0c0,,__unknown_key_410,keydown,,,,,,l,1784669826997.0,,,,__unknown,,True,410,True,,,,,,,
6a5fe684fa8bb1a9c5bcc0c1,,__unknown_key_411,keydown,,,,,,a,1784669827118.0,,,,__unknown,,True,411,True,,,,,,,
6a5fe684fa8bb1a9c5bcc0c2,,__unknown_key_412,keydown,,,,,,u,1784669827212.0,,,,__unknown,,True,412,True,,,,,,,
6a5fe684fa8bb1a9c5bcc0c3,,__unknown_key_413,keydown,,,,,,r,1784669827289.0,,,,__unknown,,True,413,True,,,,,,,
6a5fe684fa8bb1a9c5bcc0c4,,__unknown_key_414,keydown,,,,,,a,1784669827326.0,,,,__unknown,,True,414,True,,,,,,,
6a5fe684fa8bb1a9c5bcc0c5,,__unknown_key_415,keydown,,,,,,Shift,1784669827548.0,,,,__unknown,,True,415,True,,,,,,,
6a5fe684fa8bb1a9c5bcc0c6,,__unknown_key_416,keydown,,,,,,|,1784669827550.0,,,,__unknown,,True,416,True,,,,,,,
6a5fe684fa8bb1a9c5bcc0c7,,__unknown_key_417,keydown,,,,,,|,1784669827792.0,,,,__unknown,,True,417,True,,,,,,,
6a5fe684fa8bb1a9c5bcc0c8,,__unknown_key_418,keydown,,,,,,@,1784669827841.0,,,,__unknown,,True,418,True,,,,,,,
6a5fe68efa8bb1a9c5bcc16f,,__unknown_key_419,keydown,,,,,,Backspace,1784669828404.0,,,,__unknown,,True,419,True,,,,,,,
6a5fd5fc5409b7b2c137b1b7,,__unknown_key_42,keydown,,,,,,;,1784665593057.0,,,,__unknown,,True,42,True,,,,,,,
6a5fe68efa8bb1a9c5bcc170,,__unknown_key_420,keydown,,,,,,Backspace,1784669828536.0,,,,__unknown,,True,420,True,,,,,,,
6a5fe68efa8bb1a9c5bcc171,,__unknown_key_421,keydown,,,,,,Backspace,1784669828658.0,,,,__unknown,,True,421,True,,,,,,,
6a5fe68efa8bb1a9c5bcc172,,__unknown_key_422,keydown,,,,,,Shift,1784669828714.0,,,,__unknown,,True,422,True,,,,,,,
6a5fe68efa8bb1a9c5bcc173,,__unknown_key_423,keydown,,,,,,#,1784669828849.0,,,,__unknown,,True,423,True,,,,,,,
6a5fe68efa8bb1a9c5bcc174,,__unknown_key_424,keydown,,,,,,Backspace,1784669829293.0,,,,__unknown,,True,424,True,,,,,,,
6a5fe68efa8bb1a9c5bcc175,,__unknown_key_425,keydown,,,,,,Shift,1784669829406.0,,,,__unknown,,True,425,True,,,,,,,
6a5fe68efa8bb1a9c5bcc176,,__unknown_key_426,keydown,,,,,,@,1784669829587.0,,,,__unknown,,True,426,True,,,,,,,
6a5fe68efa8bb1a9c5bcc177,,__unknown_key_427,keydown,,,,,,e,1784669829936.0,,,,__unknown,,True,427,True,,,,,,,
6a5fe68efa8bb1a9c5bcc178,,__unknown_key_428,keydown,,,,,,m,1784669830056.0,,,,__unknown,,True,428,True,,,,,,,
6a5fe68efa8bb1a9c5bcc179,,__unknown_key_429,keydown,,,,,,a,1784669830168.0,,,,__unknown,,True,429,True,,,,,,,
6a5fd5fc5409b7b2c137b1b8,,__unknown_key_43,keydown,,,,,,c,1784665593347.0,,,,__unknown,,True,43,True,,,,,,,
6a5fe68efa8bb1a9c5bcc17a,,__unknown_key_430,keydown,,,,,,i,1784669830219.0,,,,__unknown,,True,430,True,,,,,,,
6a5fe68efa8bb1a9c5bcc17b,,__unknown_key_431,keydown,,,,,,l,1784669830363.0,,,,__unknown,,True,431,True,,,,,,,
6a5fe68efa8bb1a9c5bcc17c,,__unknown_key_432,keydown,,,,,,.,1784669830500.0,,,,__unknown,,True,432,True,,,,,,,
6a5fe68efa8bb1a9c5bcc17d,,__unknown_key_433,keydown,,,,,,c,1784669830637.0,,,,__unknown,,True,433,True,,,,,,,
6a5fe68efa8bb1a9c5bcc17e,,__unknown_key_434,keydown,,,,,,o,1784669830747.0,,,,__unknown,,True,434,True,,,,,,,
6a5fe68efa8bb1a9c5bcc17f,,__unknown_key_435,keydown,,,,,,m,1784669830828.0,,,,__unknown,,True,435,True,,,,,,,
6a5fe68efa8bb1a9c5bcc180,,__unknown_key_436,keydown,,,,,,CapsLock,1784669832681.0,,,,__unknown,,True,436,True,,,,,,,
6a5fe68efa8bb1a9c5bcc181,,__unknown_key_437,keydown,,,,,,T,1784669832886.0,,,,__unknown,,True,437,True,,,,,,,
6a5fe68efa8bb1a9c5bcc182,,__unknown_key_438,keydown,,,,,,CapsLock,1784669832944.0,,,,__unknown,,True,438,True,,,,,,,
6a5fe68efa8bb1a9c5bcc183,,__unknown_key_439,keydown,,,,,,e,1784669833127.0,,,,__unknown,,True,439,True,,,,,,,
6a5fd5fc5409b7b2c137b1b9,,__unknown_key_44,keydown,,,,,,Backspace,1784665593611.0,,,,__unknown,,True,44,True,,,,,,,
6a5fe68efa8bb1a9c5bcc184,,__unknown_key_440,keydown,,,,,,s,1784669833284.0,,,,__unknown,,True,440,True,,,,,,,
6a5fe68efa8bb1a9c5bcc185,,__unknown_key_441,keydown,,,,,,t,1784669833358.0,,,,__unknown,,True,441,True,,,,,,,
6a5fe68efa8bb1a9c5bcc186,,__unknown_key_442,keydown,,,,,,e,1784669833481.0,,,,__unknown,,True,442,True,,,,,,,
6a5fe68efa8bb1a9c5bcc187,,__unknown_key_443,keydown,,,,,, ,1784669833648.0,,,,__unknown,,True,443,True,,,,,,,
6a5fe68efa8bb1a9c5bcc188,,__unknown_key_444,keydown,,,,,,t,1784669833824.0,,,,__unknown,,True,444,True,,,,,,,
6a5fe68efa8bb1a9c5bcc189,,__unknown_key_445,keydown,,,,,,e,1784669833892.0,,,,__unknown,,True,445,True,,,,,,,
6a5fe68efa8bb1a9c5bcc18a,,__unknown_key_446,keydown,,,,,,s,1784669834047.0,,,,__unknown,,True,446,True,,,,,,,
6a5fe68efa8bb1a9c5bcc18b,,__unknown_key_447,keydown,,,,,,t,1784669834158.0,,,,__unknown,,True,447,True,,,,,,,
6a5fe68efa8bb1a9c5bcc18c,,__unknown_key_448,keydown,,,,,,e,1784669834265.0,,,,__unknown,,True,448,True,,,,,,,
6a5fe68efa8bb1a9c5bcc18d,,__unknown_key_449,keydown,,,,,, ,1784669834392.0,,,,__unknown,,True,449,True,,,,,,,
6a5fd5fc5409b7b2c137b1ba,,__unknown_key_45,keydown,,,,,,Backspace,1784665593746.0,,,,__unknown,,True,45,True,,,,,,,
6a5fe68efa8bb1a9c5bcc18e,,__unknown_key_450,keydown,,,,,,t,1784669834576.0,,,,__unknown,,True,450,True,,,,,,,
6a5fe68efa8bb1a9c5bcc18f,,__unknown_key_451,keydown,,,,,,e,1784669834664.0,,,,__unknown,,True,451,True,,,,,,,
6a5fe68efa8bb1a9c5bcc190,,__unknown_key_452,keydown,,,,,,s,1784669834815.0,,,,__unknown,,True,452,True,,,,,,,
6a5fe68efa8bb1a9c5bcc191,,__unknown_key_453,keydown,,,,,,t,1784669834963.0,,,,__unknown,,True,453,True,,,,,,,
6a5fe68efa8bb1a9c5bcc192,,__unknown_key_454,keydown,,,,,,e,1784669835166.0,,,,__unknown,,True,454,True,,,,,,,
6a5fe68efa8bb1a9c5bcc193,,__unknown_key_455,keydown,,,,,, ,1784669835302.0,,,,__unknown,,True,455,True,,,,,,,
6a5fe68efa8bb1a9c5bcc194,,__unknown_key_456,keydown,,,,,,t,1784669835479.0,,,,__unknown,,True,456,True,,,,,,,
6a5fe68efa8bb1a9c5bcc195,,__unknown_key_457,keydown,,,,,,e,1784669835574.0,,,,__unknown,,True,457,True,,,,,,,
6a5fe68efa8bb1a9c5bcc196,,__unknown_key_458,keydown,,,,,,s,1784669835718.0,,,,__unknown,,True,458,True,,,,,,,
6a5fe68efa8bb1a9c5bcc197,,__unknown_key_459,keydown,,,,,,t,1784669835821.0,,,,__unknown,,True,459,True,,,,,,,
6a5fd5fc5409b7b2c137b1bb,,__unknown_key_46,keydown,,,,,,.,1784665594055.0,,,,__unknown,,True,46,True,,,,,,,
6a5fe68efa8bb1a9c5bcc198,,__unknown_key_460,keydown,,,,,,e,1784669835921.0,,,,__unknown,,True,460,True,,,,,,,
6a5fe68efa8bb1a9c5bcc199,,__unknown_key_461,keydown,,,,,,;,1784669836822.0,,,,__unknown,,True,461,True,,,,,,,
6a5fe68efa8bb1a9c5bcc19a,,__unknown_key_462,keydown,,,,,,ArrowRight,1784669837844.0,,,,__unknown,,True,462,True,,,,,,,
6a5fe68efa8bb1a9c5bcc19b,,__unknown_key_463,keydown,,,,,,Shift,1784669838158.0,,,,__unknown,,True,463,True,,,,,,,
6a5fe68efa8bb1a9c5bcc19c,,__unknown_key_464,keydown,,,,,,Enter,1784669838281.0,,,,__unknown,,True,464,True,,,,,,,
6a5fe68efa8bb1a9c5bcc1bc,,__unknown_key_465,shortcut,,,,,,Ctrl+A,1784669837266.0,,,,__unknown,,True,465,True,,,,,,,
6a5fe68efa8bb1a9c5bcc1bd,,__unknown_key_466,shortcut,,,,,,Ctrl+C,1784669837512.0,,,,__unknown,,True,466,True,,,,,,,
6a5fe698fa8bb1a9c5bcc1be,,__unknown_key_467,keydown,,,,,,Enter,1784669838827.0,,,,__unknown,,True,467,True,,,,,,,
6a5fe698fa8bb1a9c5bcc1bf,,__unknown_key_468,keydown,,,,,,Enter,1784669839155.0,,,,__unknown,,True,468,True,,,,,,,
6a5fe698fa8bb1a9c5bcc1c0,,__unknown_key_469,keydown,,,,,,Enter,1784669839497.0,,,,__unknown,,True,469,True,,,,,,,
6a5fd5fc5409b7b2c137b1bc,,__unknown_key_47,keydown,,,,,,c,1784665594296.0,,,,__unknown,,True,47,True,,,,,,,
6a5fe698fa8bb1a9c5bcc1c1,,__unknown_key_470,keydown,,,,,,Enter,1784669839860.0,,,,__unknown,,True,470,True,,,,,,,
6a5fe698fa8bb1a9c5bcc1c2,,__unknown_key_471,keydown,,,,,,ArrowRight,1784669841205.0,,,,__unknown,,True,471,True,,,,,,,
6a5fe698fa8bb1a9c5bcc1c3,,__unknown_key_472,keydown,,,,,,Shift,1784669841881.0,,,,__unknown,,True,472,True,,,,,,,
6a5fe698fa8bb1a9c5bcc1c4,,__unknown_key_473,keydown,,,,,,Enter,1784669842192.0,,,,__unknown,,True,473,True,,,,,,,
6a5fe698fa8bb1a9c5bcc1c5,,__unknown_key_474,keydown,,,,,,Enter,1784669842581.0,,,,__unknown,,True,474,True,,,,,,,
6a5fe699fa8bb1a9c5bcc225,,__unknown_key_475,shortcut,,,,,,Ctrl+V,1784669838597.0,,,,__unknown,,True,475,True,,,,,,,
6a5fe699fa8bb1a9c5bcc226,,__unknown_key_476,shortcut,,,,,,Ctrl+V,1784669839015.0,,,,__unknown,,True,476,True,,,,,,,
6a5fe699fa8bb1a9c5bcc227,,__unknown_key_477,shortcut,,,,,,Ctrl+V,1784669839389.0,,,,__unknown,,True,477,True,,,,,,,
6a5fe699fa8bb1a9c5bcc228,,__unknown_key_478,shortcut,,,,,,Ctrl+V,1784669839747.0,,,,__unknown,,True,478,True,,,,,,,
6a5fe699fa8bb1a9c5bcc229,,__unknown_key_479,shortcut,,,,,,Ctrl+V,1784669840101.0,,,,__unknown,,True,479,True,,,,,,,
6a5fd5fc5409b7b2c137b1bd,,__unknown_key_48,keydown,,,,,,m,1784665594457.0,,,,__unknown,,True,48,True,,,,,,,
6a5fe699fa8bb1a9c5bcc22a,,__unknown_key_480,shortcut,,,,,,Ctrl+A,1784669840674.0,,,,__unknown,,True,480,True,,,,,,,
6a5fe699fa8bb1a9c5bcc22b,,__unknown_key_481,shortcut,,,,,,Ctrl+C,1784669840940.0,,,,__unknown,,True,481,True,,,,,,,
6a5fe699fa8bb1a9c5bcc22c,,__unknown_key_482,shortcut,,,,,,Ctrl+V,1784669842475.0,,,,__unknown,,True,482,True,,,,,,,
6a5fe699fa8bb1a9c5bcc22d,,__unknown_key_483,shortcut,,,,,,Ctrl+V,1784669843144.0,,,,__unknown,,True,483,True,,,,,,,
6a5fd5fc5409b7b2c137b1be,,__unknown_key_49,keydown,,,,,,o,1784665594505.0,,,,__unknown,,True,49,True,,,,,,,
6a5fd5f25409b7b2c137b107,,__unknown_key_5,keydown,,,,,,u,1784665585873.0,,,,__unknown,,True,5,True,,,,,,,
6a5fd5fc5409b7b2c137b1bf,,__unknown_key_50,keydown,,,,,,Backspace,1784665594861.0,,,,__unknown,,True,50,True,,,,,,,
6a5fd5fc5409b7b2c137b1c0,,__unknown_key_51,keydown,,,,,,Backspace,1784665594997.0,,,,__unknown,,True,51,True,,,,,,,
6a5fd5fc5409b7b2c137b1c1,,__unknown_key_52,keydown,,,,,,o,1784665595966.0,,,,__unknown,,True,52,True,,,,,,,
6a5fd5fc5409b7b2c137b1c2,,__unknown_key_53,keydown,,,,,,m,1784665596063.0,,,,__unknown,,True,53,True,,,,,,,
6a5fd5fc5409b7b2c137b1c3,,__unknown_key_54,keydown,,,,,,.,1784665596262.0,,,,__unknown,,True,54,True,,,,,,,
6a5fd5fc5409b7b2c137b1c4,,__unknown_key_55,keydown,,,,,,b,1784665596499.0,,,,__unknown,,True,55,True,,,,,,,
6a5fd5fc5409b7b2c137b1c5,,__unknown_key_56,keydown,,,,,,r,1784665596562.0,,,,__unknown,,True,56,True,,,,,,,
6a5fd6065409b7b2c137b219,,__unknown_key_57,keydown,,,,,,CapsLock,1784665604468.0,,,,__unknown,,True,57,True,,,,,,,
6a5fd6065409b7b2c137b21a,,__unknown_key_58,keydown,,,,,,T,1784665604690.0,,,,__unknown,,True,58,True,,,,,,,
6a5fd6065409b7b2c137b21b,,__unknown_key_59,keydown,,,,,,CapsLock,1784665604740.0,,,,__unknown,,True,59,True,,,,,,,
6a5fd5f25409b7b2c137b108,,__unknown_key_6,keydown,,,,,,r,1784665586081.0,,,,__unknown,,True,6,True,,,,,,,
6a5fd6065409b7b2c137b21c,,__unknown_key_60,keydown,,,,,,e,1784665604955.0,,,,__unknown,,True,60,True,,,,,,,
6a5fd6065409b7b2c137b21d,,__unknown_key_61,keydown,,,,,,s,1784665605114.0,,,,__unknown,,True,61,True,,,,,,,
6a5fd6065409b7b2c137b21e,,__unknown_key_62,keydown,,,,,,t,1784665605214.0,,,,__unknown,,True,62,True,,,,,,,
6a5fd6065409b7b2c137b21f,,__unknown_key_63,keydown,,,,,,e,1784665605330.0,,,,__unknown,,True,63,True,,,,,,,
6a5fd6065409b7b2c137b220,,__unknown_key_64,keydown,,,,,, ,1784665605398.0,,,,__unknown,,True,64,True,,,,,,,
6a5fd6065409b7b2c137b221,,__unknown_key_65,keydown,,,,,,t,1784665605593.0,,,,__unknown,,True,65,True,,,,,,,
6a5fd6065409b7b2c137b222,,__unknown_key_66,keydown,,,,,,e,1784665605656.0,,,,__unknown,,True,66,True,,,,,,,
6a5fd6065409b7b2c137b223,,__unknown_key_67,keydown,,,,,,s,1784665605827.0,,,,__unknown,,True,67,True,,,,,,,
6a5fd6065409b7b2c137b224,,__unknown_key_68,keydown,,,,,,t,1784665605960.0,,,,__unknown,,True,68,True,,,,,,,
6a5fd6065409b7b2c137b225,,__unknown_key_69,keydown,,,,,,e,1784665606098.0,,,,__unknown,,True,69,True,,,,,,,
6a5fd5f25409b7b2c137b109,,__unknown_key_7,keydown,,,,,,a,1784665586132.0,,,,__unknown,,True,7,True,,,,,,,
6a5fd6065409b7b2c137b226,,__unknown_key_70,keydown,,,,,, ,1784665606473.0,,,,__unknown,,True,70,True,,,,,,,
6a5fd6065409b7b2c137b227,,__unknown_key_71,keydown,,,,,,t,1784665606673.0,,,,__unknown,,True,71,True,,,,,,,
6a5fd6105409b7b2c137b30b,,__unknown_key_72,keydown,,,,,,e,1784665606773.0,,,,__unknown,,True,72,True,,,,,,,
6a5fd6105409b7b2c137b30c,,__unknown_key_73,keydown,,,,,,s,1784665606962.0,,,,__unknown,,True,73,True,,,,,,,
6a5fd6105409b7b2c137b30d,,__unknown_key_74,keydown,,,,,,t,1784665607077.0,,,,__unknown,,True,74,True,,,,,,,
6a5fd6105409b7b2c137b30e,,__unknown_key_75,keydown,,,,,,e,1784665607195.0,,,,__unknown,,True,75,True,,,,,,,
6a5fd6105409b7b2c137b30f,,__unknown_key_76,keydown,,,,,, ,1784665607351.0,,,,__unknown,,True,76,True,,,,,,,
6a5fd6105409b7b2c137b310,,__unknown_key_77,keydown,,,,,,t,1784665607525.0,,,,__unknown,,True,77,True,,,,,,,
6a5fd6105409b7b2c137b311,,__unknown_key_78,keydown,,,,,,e,1784665607615.0,,,,__unknown,,True,78,True,,,,,,,
6a5fd6105409b7b2c137b312,,__unknown_key_79,keydown,,,,,,s,1784665607782.0,,,,__unknown,,True,79,True,,,,,,,
6a5fd5f25409b7b2c137b10a,,__unknown_key_8,keydown,,,,,, ,1784665586240.0,,,,__unknown,,True,8,True,,,,,,,
6a5fd6105409b7b2c137b313,,__unknown_key_80,keydown,,,,,,t,1784665607886.0,,,,__unknown,,True,80,True,,,,,,,
6a5fd6105409b7b2c137b314,,__unknown_key_81,keydown,,,,,,e,1784665608205.0,,,,__unknown,,True,81,True,,,,,,,
6a5fd6105409b7b2c137b315,,__unknown_key_82,keydown,,,,,, ,1784665608736.0,,,,__unknown,,True,82,True,,,,,,,
6a5fd6105409b7b2c137b316,,__unknown_key_83,keydown,,,,,,t,1784665608928.0,,,,__unknown,,True,83,True,,,,,,,
6a5fd6105409b7b2c137b317,,__unknown_key_84,keydown,,,,,,e,1784665609035.0,,,,__unknown,,True,84,True,,,,,,,
6a5fd6105409b7b2c137b318,,__unknown_key_85,keydown,,,,,,s,1784665609709.0,,,,__unknown,,True,85,True,,,,,,,
6a5fd6105409b7b2c137b319,,__unknown_key_86,keydown,,,,,,t,1784665609812.0,,,,__unknown,,True,86,True,,,,,,,
6a5fd6105409b7b2c137b31a,,__unknown_key_87,keydown,,,,,,e,1784665609899.0,,,,__unknown,,True,87,True,,,,,,,
6a5fd6105409b7b2c137b31b,,__unknown_key_88,keydown,,,,,,;,1784665610439.0,,,,__unknown,,True,88,True,,,,,,,
6a5fd6105409b7b2c137b31c,,__unknown_key_89,keydown,,,,,,Shift,1784665610598.0,,,,__unknown,,True,89,True,,,,,,,
6a5fd5f25409b7b2c137b10b,,__unknown_key_9,keydown,,,,,,CapsLock,1784665586466.0,,,,__unknown,,True,9,True,,,,,,,
6a5fd6105409b7b2c137b31d,,__unknown_key_90,keydown,,,,,,ArrowLeft,1784665610830.0,,,,__unknown,,True,90,True,,,,,,,
6a5fd6105409b7b2c137b31e,,__unknown_key_91,keydown,,,,,,ArrowLeft,1784665611333.0,,,,__unknown,,True,91,True,,,,,,,
6a5fd6105409b7b2c137b31f,,__unknown_key_92,keydown,,,,,,ArrowLeft,1784665611363.0,,,,__unknown,,True,92,True,,,,,,,
6a5fd6105409b7b2c137b320,,__unknown_key_93,keydown,,,,,,ArrowLeft,1784665611395.0,,,,__unknown,,True,93,True,,,,,,,
6a5fd6105409b7b2c137b321,,__unknown_key_94,keydown,,,,,,ArrowLeft,1784665611428.0,,,,__unknown,,True,94,True,,,,,,,
6a5fd6105409b7b2c137b322,,__unknown_key_95,keydown,,,,,,ArrowLeft,1784665611460.0,,,,__unknown,,True,95,True,,,,,,,
6a5fd6105409b7b2c137b323,,__unknown_key_96,keydown,,,,,,ArrowLeft,1784665611494.0,,,,__unknown,,True,96,True,,,,,,,
6a5fd6105409b7b2c137b324,,__unknown_key_97,keydown,,,,,,ArrowLeft,1784665611526.0,,,,__unknown,,True,97,True,,,,,,,
6a5fd6105409b7b2c137b325,,__unknown_key_98,keydown,,,,,,ArrowLeft,1784665611558.0,,,,__unknown,,True,98,True,,,,,,,
6a5fd6105409b7b2c137b326,,__unknown_key_99,keydown,,,,,,ArrowLeft,1784665611591.0,,,,__unknown,,True,99,True,,,,,,,
