_id,user_id,session_id,event_type,data.key,data.press_time,data.release_time,data.hold_time,data.flight_time,key,timestamp,hold_time,user
6a5563b8131f297e23c617b1,laura2,a92c23cb-9e73-4024-9555-5192f78141c3,keystroke,CHARACTER_KEY,1783980980258.0,1783980980308.0,50.0,23.0,,,,
6a5563b8131f297e23c617b4,laura2,a92c23cb-9e73-4024-9555-5192f78141c3,keystroke,CHARACTER_KEY,1783980980496.0,1783980980580.0,84.0,26.0,,,,
6a5563b8131f297e23c617af,laura2,a92c23cb-9e73-4024-9555-5192f78141c3,keystroke,CHARACTER_KEY,1783980979959.0,1783980980154.0,195.0,,,,,
6a5563b8131f297e23c617b2,laura2,a92c23cb-9e73-4024-9555-5192f78141c3,keystroke,CHARACTER_KEY,1783980980317.0,1783980980404.0,87.0,9.0,,,,
6a5563b8131f297e23c617b5,laura2,a92c23cb-9e73-4024-9555-5192f78141c3,keystroke,CHARACTER_KEY,1783980980580.0,1783980980581.0,1.0,0.0,,,,
6a5563b8131f297e23c617b0,laura2,a92c23cb-9e73-4024-9555-5192f78141c3,keystroke,CHARACTER_KEY,1783980980160.0,1783980980235.0,75.0,6.0,,,,
6a5563b8131f297e23c617b3,laura2,a92c23cb-9e73-4024-9555-5192f78141c3,keystroke,CHARACTER_KEY,1783980980427.0,1783980980470.0,43.0,23.0,,,,
6a5563b8131f297e23c617b6,laura2,a92c23cb-9e73-4024-9555-5192f78141c3,keystroke,CHARACTER_KEY,1783980980616.0,1783980980706.0,90.0,35.0,,,,
6a5fd5f25409b7b2c137b103,,,keydown,,,,,,CapsLock,1784665585441.0,,
6a5fd5f25409b7b2c137b104,,,keydown,,,,,,L,1784665585534.0,,
6a5fd5f25409b7b2c137b105,,,keydown,,,,,,CapsLock,1784665585627.0,,
6a5fd5f25409b7b2c137b106,,,keydown,,,,,,a,1784665585744.0,,
6a5fd5f25409b7b2c137b107,,,keydown,,,,,,u,1784665585873.0,,
6a5fd5f25409b7b2c137b108,,,keydown,,,,,,r,1784665586081.0,,
6a5fd5f25409b7b2c137b109,,,keydown,,,,,,a,1784665586132.0,,
6a5fd5f25409b7b2c137b10a,,,keydown,,,,,, ,1784665586240.0,,
6a5fd5f25409b7b2c137b10b,,,keydown,,,,,,CapsLock,1784665586466.0,,
6a5fd5f25409b7b2c137b10c,,,keydown,,,,,,S,1784665586624.0,,
6a5fd5fc5409b7b2c137b198,,,keydown,,,,,,CapsLock,1784665586712.0,,
6a5fd5fc5409b7b2c137b199,,,keydown,,,,,,a,1784665586812.0,,
6a5fd5fc5409b7b2c137b19a,,,keydown,,,,,,n,1784665586953.0,,
6a5fd5fc5409b7b2c137b19b,,,keydown,,,,,,t,1784665587047.0,,
6a5fd5fc5409b7b2c137b19c,,,keydown,,,,,,o,1784665587131.0,,
6a5fd5fc5409b7b2c137b19d,,,keydown,,,,,,s,1784665587242.0,,
6a5fd5fc5409b7b2c137b19e,,,keydown,,,,,, ,1784665587440.0,,
6a5fd5fc5409b7b2c137b19f,,,keydown,,,,,,CapsLock,1784665587541.0,,
6a5fd5fc5409b7b2c137b1a0,,,keydown,,,,,,O,1784665587636.0,,
6a5fd5fc5409b7b2c137b1a1,,,keydown,,,,,,CapsLock,1784665587727.0,,
6a5fd5fc5409b7b2c137b1a2,,,keydown,,,,,,l,1784665587767.0,,
6a5fd5fc5409b7b2c137b1a3,,,keydown,,,,,,i,1784665587935.0,,
6a5fd5fc5409b7b2c137b1a4,,,keydown,,,,,,v,1784665587960.0,,
6a5fd5fc5409b7b2c137b1a5,,,keydown,,,,,,e,1784665588120.0,,
6a5fd5fc5409b7b2c137b1a6,,,keydown,,,,,,i,1784665588193.0,,
6a5fd5fc5409b7b2c137b1a7,,,keydown,,,,,,r,1784665588298.0,,
6a5fd5fc5409b7b2c137b1a8,,,keydown,,,,,,a,1784665588374.0,,
6a5fd5fc5409b7b2c137b1a9,,,keydown,,,,,,l,1784665590848.0,,
6a5fd5fc5409b7b2c137b1aa,,,keydown,,,,,,a,1784665590957.0,,
6a5fd5fc5409b7b2c137b1ab,,,keydown,,,,,,u,1784665591073.0,,
6a5fd5fc5409b7b2c137b1ac,,,keydown,,,,,,r,1784665591156.0,,
6a5fd5fc5409b7b2c137b1ad,,,keydown,,,,,,a,1784665591203.0,,
6a5fd5fc5409b7b2c137b1ae,,,keydown,,,,,,Shift,1784665591418.0,,
6a5fd5fc5409b7b2c137b1af,,,keydown,,,,,,@,1784665591581.0,,
6a5fd5fc5409b7b2c137b1b0,,,keydown,,,,,,e,1784665592043.0,,
6a5fd5fc5409b7b2c137b1b1,,,keydown,,,,,,m,1784665592130.0,,
6a5fd5fc5409b7b2c137b1b2,,,keydown,,,,,,p,1784665592515.0,,
6a5fd5fc5409b7b2c137b1b3,,,keydown,,,,,,r,1784665592610.0,,
6a5fd5fc5409b7b2c137b1b4,,,keydown,,,,,,e,1784665592655.0,,
6a5fd5fc5409b7b2c137b1b5,,,keydown,,,,,,s,1784665592835.0,,
6a5fd5fc5409b7b2c137b1b6,,,keydown,,,,,,a,1784665592918.0,,
6a5fd5fc5409b7b2c137b1b7,,,keydown,,,,,,;,1784665593057.0,,
6a5fd5fc5409b7b2c137b1b8,,,keydown,,,,,,c,1784665593347.0,,
6a5fd5fc5409b7b2c137b1b9,,,keydown,,,,,,Backspace,1784665593611.0,,
6a5fd5fc5409b7b2c137b1ba,,,keydown,,,,,,Backspace,1784665593746.0,,
6a5fd5fc5409b7b2c137b1bb,,,keydown,,,,,,.,1784665594055.0,,
6a5fd5fc5409b7b2c137b1bc,,,keydown,,,,,,c,1784665594296.0,,
6a5fd5fc5409b7b2c137b1bd,,,keydown,,,,,,m,1784665594457.0,,
6a5fd5fc5409b7b2c137b1be,,,keydown,,,,,,o,1784665594505.0,,
6a5fd5fc5409b7b2c137b1bf,,,keydown,,,,,,Backspace,1784665594861.0,,
6a5fd5fc5409b7b2c137b1c0,,,keydown,,,,,,Backspace,1784665594997.0,,
6a5fd5fc5409b7b2c137b1c1,,,keydown,,,,,,o,1784665595966.0,,
6a5fd5fc5409b7b2c137b1c2,,,keydown,,,,,,m,1784665596063.0,,
6a5fd5fc5409b7b2c137b1c3,,,keydown,,,,,,.,1784665596262.0,,
6a5fd5fc5409b7b2c137b1c4,,,keydown,,,,,,b,1784665596499.0,,
6a5fd5fc5409b7b2c137b1c5,,,keydown,,,,,,r,1784665596562.0,,
6a5fd6065409b7b2c137b219,,,keydown,,,,,,CapsLock,1784665604468.0,,
6a5fd6065409b7b2c137b21a,,,keydown,,,,,,T,1784665604690.0,,
6a5fd6065409b7b2c137b21b,,,keydown,,,,,,CapsLock,1784665604740.0,,
6a5fd6065409b7b2c137b21c,,,keydown,,,,,,e,1784665604955.0,,
6a5fd6065409b7b2c137b21d,,,keydown,,,,,,s,1784665605114.0,,
6a5fd6065409b7b2c137b21e,,,keydown,,,,,,t,1784665605214.0,,
6a5fd6065409b7b2c137b21f,,,keydown,,,,,,e,1784665605330.0,,
6a5fd6065409b7b2c137b220,,,keydown,,,,,, ,1784665605398.0,,
6a5fd6065409b7b2c137b221,,,keydown,,,,,,t,1784665605593.0,,
6a5fd6065409b7b2c137b222,,,keydown,,,,,,e,1784665605656.0,,
6a5fd6065409b7b2c137b223,,,keydown,,,,,,s,1784665605827.0,,
6a5fd6065409b7b2c137b224,,,keydown,,,,,,t,1784665605960.0,,
6a5fd6065409b7b2c137b225,,,keydown,,,,,,e,1784665606098.0,,
6a5fd6065409b7b2c137b226,,,keydown,,,,,, ,1784665606473.0,,
6a5fd6065409b7b2c137b227,,,keydown,,,,,,t,1784665606673.0,,
6a5fd6105409b7b2c137b30b,,,keydown,,,,,,e,1784665606773.0,,
6a5fd6105409b7b2c137b30c,,,keydown,,,,,,s,1784665606962.0,,
6a5fd6105409b7b2c137b30d,,,keydown,,,,,,t,1784665607077.0,,
6a5fd6105409b7b2c137b30e,,,keydown,,,,,,e,1784665607195.0,,
6a5fd6105409b7b2c137b30f,,,keydown,,,,,, ,1784665607351.0,,
6a5fd6105409b7b2c137b310,,,keydown,,,,,,t,1784665607525.0,,
6a5fd6105409b7b2c137b311,,,keydown,,,,,,e,1784665607615.0,,
6a5fd6105409b7b2c137b312,,,keydown,,,,,,s,1784665607782.0,,
6a5fd6105409b7b2c137b313,,,keydown,,,,,,t,1784665607886.0,,
6a5fd6105409b7b2c137b314,,,keydown,,,,,,e,1784665608205.0,,
6a5fd6105409b7b2c137b315,,,keydown,,,,,, ,1784665608736.0,,
6a5fd6105409b7b2c137b316,,,keydown,,,,,,t,1784665608928.0,,
6a5fd6105409b7b2c137b317,,,keydown,,,,,,e,1784665609035.0,,
6a5fd6105409b7b2c137b318,,,keydown,,,,,,s,1784665609709.0,,
6a5fd6105409b7b2c137b319,,,keydown,,,,,,t,1784665609812.0,,
6a5fd6105409b7b2c137b31a,,,keydown,,,,,,e,1784665609899.0,,
6a5fd6105409b7b2c137b31b,,,keydown,,,,,,;,1784665610439.0,,
6a5fd6105409b7b2c137b31c,,,keydown,,,,,,Shift,1784665610598.0,,
6a5fd6105409b7b2c137b31d,,,keydown,,,,,,ArrowLeft,1784665610830.0,,
6a5fd6105409b7b2c137b31e,,,keydown,,,,,,ArrowLeft,1784665611333.0,,
6a5fd6105409b7b2c137b31f,,,keydown,,,,,,ArrowLeft,1784665611363.0,,
6a5fd6105409b7b2c137b320,,,keydown,,,,,,ArrowLeft,1784665611395.0,,
6a5fd6105409b7b2c137b321,,,keydown,,,,,,ArrowLeft,1784665611428.0,,
6a5fd6105409b7b2c137b322,,,keydown,,,,,,ArrowLeft,1784665611460.0,,
6a5fd6105409b7b2c137b323,,,keydown,,,,,,ArrowLeft,1784665611494.0,,
6a5fd6105409b7b2c137b324,,,keydown,,,,,,ArrowLeft,1784665611526.0,,
6a5fd6105409b7b2c137b325,,,keydown,,,,,,ArrowLeft,1784665611558.0,,
6a5fd6105409b7b2c137b326,,,keydown,,,,,,ArrowLeft,1784665611591.0,,
6a5fd6105409b7b2c137b327,,,keydown,,,,,,ArrowLeft,1784665611623.0,,
6a5fd6105409b7b2c137b328,,,keydown,,,,,,ArrowLeft,1784665611652.0,,
6a5fd6105409b7b2c137b329,,,keydown,,,,,,ArrowLeft,1784665611684.0,,
6a5fd6105409b7b2c137b32a,,,keydown,,,,,,ArrowLeft,1784665611718.0,,
6a5fd6105409b7b2c137b32b,,,keydown,,,,,,ArrowLeft,1784665611751.0,,
6a5fd6105409b7b2c137b32c,,,keydown,,,,,,ArrowLeft,1784665611783.0,,
6a5fd6105409b7b2c137b32d,,,keydown,,,,,,ArrowLeft,1784665611814.0,,
6a5fd6105409b7b2c137b32e,,,keydown,,,,,,ArrowLeft,1784665611847.0,,
6a5fd6105409b7b2c137b32f,,,keydown,,,,,,ArrowLeft,1784665611880.0,,
6a5fd6105409b7b2c137b330,,,keydown,,,,,,ArrowLeft,1784665611912.0,,
6a5fd6105409b7b2c137b331,,,keydown,,,,,,ArrowLeft,1784665611945.0,,
6a5fd6105409b7b2c137b332,,,keydown,,,,,,ArrowLeft,1784665611977.0,,
6a5fd6105409b7b2c137b333,,,keydown,,,,,,ArrowLeft,1784665612010.0,,
6a5fd6105409b7b2c137b334,,,keydown,,,,,,ArrowLeft,1784665612042.0,,
6a5fd6105409b7b2c137b335,,,keydown,,,,,,ArrowLeft,1784665612074.0,,
6a5fd6105409b7b2c137b336,,,keydown,,,,,,ArrowLeft,1784665612107.0,,
6a5fd6105409b7b2c137b337,,,keydown,,,,,,ArrowLeft,1784665612136.0,,
6a5fd6105409b7b2c137b338,,,keydown,,,,,,ArrowLeft,1784665612333.0,,
6a5fd6105409b7b2c137b339,,,keydown,,,,,,ArrowLeft,1784665612489.0,,
6a5fd6105409b7b2c137b33a,,,keydown,,,,,,ArrowLeft,1784665612648.0,,
6a5fd6105409b7b2c137b33b,,,keydown,,,,,,ArrowDown,1784665613480.0,,
6a5fd6105409b7b2c137b33c,,,keydown,,,,,,Enter,1784665615095.0,,
6a5fd6105409b7b2c137b33d,,,keydown,,,,,,Enter,1784665615731.0,,
6a5fd6105409b7b2c137b33e,,,keydown,,,,,,Enter,1784665616069.0,,
6a5fd6105409b7b2c137b33f,,,keydown,,,,,,Enter,1784665616353.0,,
6a5fd6105409b7b2c137b340,,,keydown,,,,,,Enter,1784665616627.0,,
6a5fd6105409b7b2c137b341,,,shortcut,,,,,,Ctrl+C,1784665613184.0,142.0,
6a5fd6105409b7b2c137b342,,,shortcut,,,,,,Ctrl+V,1784665615466.0,65.0,
6a5fd6105409b7b2c137b343,,,shortcut,,,,,,Ctrl+V,1784665615937.0,82.0,
6a5fd6105409b7b2c137b344,,,shortcut,,,,,,Ctrl+V,1784665616270.0,74.0,
6a5fd6105409b7b2c137b345,,,shortcut,,,,,,Ctrl+V,1784665616564.0,97.0,
6a5fd61a5409b7b2c137b346,,,keydown,,,,,,Enter,1784665616917.0,,
6a5fd61a5409b7b2c137b347,,,keydown,,,,,,Enter,1784665617259.0,,
6a5fd61a5409b7b2c137b348,,,keydown,,,,,,Enter,1784665617546.0,,
6a5fd61a5409b7b2c137b349,,,keydown,,,,,,Enter,1784665618128.0,,
6a5fd61a5409b7b2c137b34a,,,keydown,,,,,,Enter,1784665618778.0,,
6a5fd61b5409b7b2c137b462,,,shortcut,,,,,,Ctrl+V,1784665616862.0,108.0,
6a5fd61b5409b7b2c137b463,,,shortcut,,,,,,Ctrl+V,1784665617154.0,84.0,
6a5fd61b5409b7b2c137b464,,,shortcut,,,,,,Ctrl+V,1784665617478.0,78.0,
6a5fd61b5409b7b2c137b465,,,shortcut,,,,,,Ctrl+V,1784665617785.0,98.0,
6a5fd61b5409b7b2c137b466,,,shortcut,,,,,,Ctrl+V,1784665618346.0,98.0,
6a5fd61b5409b7b2c137b467,,,shortcut,,,,,,Ctrl+V,1784665618626.0,78.0,
6a5fd61b5409b7b2c137b468,,,shortcut,,,,,,Ctrl+V,1784665618923.0,66.0,
6a5fd6885409b7b2c137b639,,,keydown,,,,,,Meta,1784665727363.0,,
6a5fd6885409b7b2c137b63a,,,keydown,,,,,,Shift,1784665727463.0,,
6a5fd6925409b7b2c137b64d,,,keydown,,,,,,a,1784665740757.0,,
6a5fd6925409b7b2c137b64e,,,keydown,,,,,,s,1784665740870.0,,
6a5fd6925409b7b2c137b64f,,,keydown,,,,,,d,1784665741081.0,,
6a5fd6925409b7b2c137b650,,,keydown,,,,,,f,1784665741570.0,,
6a5fd6925409b7b2c137b651,,,keydown,,,,,,f,1784665741773.0,,
6a5fd6925409b7b2c137b652,,,keydown,,,,,,d,1784665741881.0,,
6a5fd6925409b7b2c137b653,,,keydown,,,,,,s,1784665741976.0,,
6a5fd6925409b7b2c137b654,,,keydown,,,,,,a,1784665742210.0,,
6a5fd71d7096f0a31879b285,,,keydown,,,,,,Meta,1784665878533.0,,
6a5fd71d7096f0a31879b286,,,keydown,,,,,,Shift,1784665878618.0,,
6a5fd74f7096f0a31879b417,,,keydown,,,,,,Meta,1784665930951.0,,
6a5fd74f7096f0a31879b418,,,keydown,,,,,,Shift,1784665931065.0,,
6a5fd7d17096f0a31879b50b,,,keydown,,,,,,a,1784666062481.0,,
6a5fd7d17096f0a31879b50c,,,keydown,,,,,,s,1784666062593.0,,
6a5fd7d17096f0a31879b50d,,,keydown,,,,,,d,1784666062669.0,,
6a5fd7d17096f0a31879b50e,,,keydown,,,,,,f,1784666063144.0,,
6a5fd7d17096f0a31879b50f,,,keydown,,,,,,f,1784666063413.0,,
6a5fd7d17096f0a31879b510,,,keydown,,,,,,d,1784666063510.0,,
6a5fd7d17096f0a31879b511,,,keydown,,,,,,s,1784666063630.0,,
6a5fd7d17096f0a31879b512,,,keydown,,,,,,a,1784666063870.0,,
6a5fdc14a5303295dabd932b,,,keydown,,,,,,a,1784667149885.0,,
6a5fdc14a5303295dabd932c,,,keydown,,,,,,s,1784667149988.0,,
6a5fdc14a5303295dabd932d,,,keydown,,,,,,d,1784667150098.0,,
6a5fdc14a5303295dabd932e,,,keydown,,,,,,Backspace,1784667153305.0,,
6a5fdc14a5303295dabd932f,,,keydown,,,,,,Backspace,1784667153455.0,,
6a5fdc14a5303295dabd9330,,,keydown,,,,,,Backspace,1784667153584.0,,
6a5fdc14a5303295dabd9331,,,keydown,,,,,,a,1784667153678.0,,
6a5fdc14a5303295dabd9332,,,keydown,,,,,,s,1784667153778.0,,
6a5fdc14a5303295dabd9333,,,keydown,,,,,,d,1784667153874.0,,
6a5fdc14a5303295dabd9334,,,keydown,,,,,,f,1784667154458.0,,
6a5fdc14a5303295dabd9335,,,keydown,,,,,,f,1784667154659.0,,
6a5fdc14a5303295dabd9336,,,keydown,,,,,,d,1784667154710.0,,
6a5fdc14a5303295dabd9337,,,keydown,,,,,,s,1784667154799.0,,
6a5fdc14a5303295dabd9338,,,keydown,,,,,,a,1784667155028.0,,
6a5fdc46a5303295dabd9475,,,keydown,,,,,,Meta,1784667198958.0,,
6a5fdc46a5303295dabd9476,,,keydown,,,,,,Shift,1784667199069.0,,
6a5fdc64a5303295dabd950d,,,keydown,,,,,,Meta,1784667230457.0,,
6a5fdc64a5303295dabd950e,,,keydown,,,,,,Shift,1784667230545.0,,
6a5fdf5ca5303295dabd9570,,,keydown,,,,,,a,1784667992947.0,,
6a5fdf5ca5303295dabd9571,,,keydown,,,,,,s,1784667993045.0,,
6a5fdf5ca5303295dabd9572,,,keydown,,,,,,d,1784667993116.0,,
6a5fdf5ca5303295dabd9573,,,keydown,,,,,,f,1784667993355.0,,
6a5fdf5ca5303295dabd9574,,,keydown,,,,,,d,1784667993519.0,,
6a5fdf5ca5303295dabd9575,,,keydown,,,,,,s,1784667993668.0,,
6a5fdf5ca5303295dabd9576,,,keydown,,,,,,a,1784667993963.0,,
6a5fdf81a5303295dabd963d,,,keydown,,,,,,Meta,1784668027415.0,,
6a5fdf81a5303295dabd963e,,,keydown,,,,,,Shift,1784668027484.0,,
6a5fe033a5303295dabd96db,,,keydown,,,,,,CapsLock,1784668203411.0,,
6a5fe033a5303295dabd96dc,,,keydown,,,,,,L,1784668203516.0,,
6a5fe033a5303295dabd96dd,,,keydown,,,,,,CapsLock,1784668203616.0,,
6a5fe033a5303295dabd96de,,,keydown,,,,,,a,1784668203722.0,,
6a5fe033a5303295dabd96df,,,keydown,,,,,,u,1784668203785.0,,
6a5fe033a5303295dabd96e0,,,keydown,,,,,,r,1784668203963.0,,
6a5fe033a5303295dabd96e1,,,keydown,,,,,,a,1784668204037.0,,
6a5fe033a5303295dabd96e2,,,keydown,,,,,, ,1784668204132.0,,
6a5fe033a5303295dabd96e3,,,keydown,,,,,,CapsLock,1784668204254.0,,
6a5fe033a5303295dabd96e4,,,keydown,,,,,,S,1784668204360.0,,
6a5fe033a5303295dabd96e5,,,keydown,,,,,,CapsLock,1784668204461.0,,
6a5fe033a5303295dabd96e6,,,keydown,,,,,,a,1784668204517.0,,
6a5fe033a5303295dabd96e7,,,keydown,,,,,,n,1784668204636.0,,
6a5fe033a5303295dabd96e8,,,keydown,,,,,,t,1784668204737.0,,
6a5fe033a5303295dabd96e9,,,keydown,,,,,,o,1784668204830.0,,
6a5fe033a5303295dabd96ea,,,keydown,,,,,,s,1784668204938.0,,
6a5fe033a5303295dabd96eb,,,keydown,,,,,, ,1784668205187.0,,
6a5fe033a5303295dabd96ec,,,keydown,,,,,,CapsLock,1784668205399.0,,
6a5fe033a5303295dabd96ed,,,keydown,,,,,,O,1784668205399.0,,
6a5fe033a5303295dabd96ee,,,keydown,,,,,,CapsLock,1784668205487.0,,
6a5fe033a5303295dabd96ef,,,keydown,,,,,,l,1784668205532.0,,
6a5fe033a5303295dabd96f0,,,keydown,,,,,,i,1784668205688.0,,
6a5fe033a5303295dabd96f1,,,keydown,,,,,,v,1784668205759.0,,
6a5fe033a5303295dabd96f2,,,keydown,,,,,,e,1784668205831.0,,
6a5fe033a5303295dabd96f3,,,keydown,,,,,,i,1784668205886.0,,
6a5fe033a5303295dabd96f4,,,keydown,,,,,,r,1784668205985.0,,
6a5fe033a5303295dabd96f5,,,keydown,,,,,,a,1784668206049.0,,
6a5fe033a5303295dabd96f6,,,keydown,,,,,,l,1784668207476.0,,
6a5fe033a5303295dabd96f7,,,keydown,,,,,,a,1784668207596.0,,
6a5fe033a5303295dabd96f8,,,keydown,,,,,,u,1784668207710.0,,
6a5fe033a5303295dabd96f9,,,keydown,,,,,,r,1784668207801.0,,
6a5fe033a5303295dabd96fa,,,keydown,,,,,,a,1784668207848.0,,
6a5fe033a5303295dabd96fb,,,keydown,,,,,,Shift,1784668209145.0,,
6a5fe033a5303295dabd96fc,,,keydown,,,,,,@,1784668209298.0,,
6a5fe033a5303295dabd96fd,,,keydown,,,,,,e,1784668209554.0,,
6a5fe033a5303295dabd96fe,,,keydown,,,,,,m,1784668209638.0,,
6a5fe033a5303295dabd96ff,,,keydown,,,,,,p,1784668209759.0,,
6a5fe033a5303295dabd9700,,,keydown,,,,,,r,1784668209824.0,,
6a5fe033a5303295dabd9701,,,keydown,,,,,,e,1784668209869.0,,
6a5fe033a5303295dabd9702,,,keydown,,,,,,s,1784668210042.0,,
6a5fe033a5303295dabd9703,,,keydown,,,,,,a,1784668210136.0,,
6a5fe033a5303295dabd9704,,,keydown,,,,,,.,1784668210377.0,,
6a5fe033a5303295dabd9705,,,keydown,,,,,,c,1784668210556.0,,
6a5fe033a5303295dabd9706,,,keydown,,,,,,o,1784668210681.0,,
6a5fe033a5303295dabd9707,,,keydown,,,,,,m,1784668210773.0,,
6a5fe03da5303295dabd97a4,,,keydown,,,,,,CapsLock,1784668212435.0,,
6a5fe03da5303295dabd97a5,,,keydown,,,,,,T,1784668212508.0,,
6a5fe03da5303295dabd97a6,,,keydown,,,,,,CapsLock,1784668212603.0,,
6a5fe03da5303295dabd97a7,,,keydown,,,,,,e,1784668212807.0,,
6a5fe03da5303295dabd97a8,,,keydown,,,,,,s,1784668212956.0,,
6a5fe03da5303295dabd97a9,,,keydown,,,,,,t,1784668213040.0,,
6a5fe03da5303295dabd97aa,,,keydown,,,,,,e,1784668213240.0,,
6a5fe03da5303295dabd97ab,,,keydown,,,,,, ,1784668213677.0,,
6a5fe03da5303295dabd97ac,,,keydown,,,,,,t,1784668213864.0,,
6a5fe03da5303295dabd97ad,,,keydown,,,,,,e,1784668213956.0,,
6a5fe03da5303295dabd97ae,,,keydown,,,,,,s,1784668214118.0,,
6a5fe03da5303295dabd97af,,,keydown,,,,,,t,1784668214205.0,,
6a5fe03da5303295dabd97b0,,,keydown,,,,,,e,1784668214318.0,,
6a5fe03da5303295dabd97b1,,,keydown,,,,,, ,1784668214434.0,,
6a5fe03da5303295dabd97b2,,,keydown,,,,,,t,1784668214629.0,,
6a5fe03da5303295dabd97b3,,,keydown,,,,,,e,1784668214695.0,,
6a5fe03da5303295dabd97b4,,,keydown,,,,,,s,1784668214863.0,,
6a5fe03da5303295dabd97b5,,,keydown,,,,,,t,1784668215771.0,,
6a5fe03da5303295dabd97b6,,,keydown,,,,,,e,1784668216064.0,,
6a5fe03da5303295dabd97b7,,,keydown,,,,,, ,1784668216189.0,,
6a5fe03da5303295dabd97b8,,,keydown,,,,,,t,1784668216341.0,,
6a5fe03da5303295dabd97b9,,,keydown,,,,,,e,1784668216424.0,,
6a5fe03da5303295dabd97ba,,,keydown,,,,,,s,1784668216577.0,,
6a5fe03da5303295dabd97bb,,,keydown,,,,,,t,1784668216689.0,,
6a5fe03da5303295dabd97bc,,,keydown,,,,,,e,1784668216765.0,,
6a5fe03da5303295dabd97bd,,,keydown,,,,,, ,1784668216887.0,,
6a5fe03da5303295dabd97be,,,keydown,,,,,,t,1784668217082.0,,
6a5fe03da5303295dabd97bf,,,keydown,,,,,,e,1784668217164.0,,
6a5fe03da5303295dabd97c0,,,keydown,,,,,,s,1784668217318.0,,
6a5fe03da5303295dabd97c1,,,keydown,,,,,,t,1784668217466.0,,
6a5fe03da5303295dabd97c2,,,keydown,,,,,,e,1784668217610.0,,
6a5fe03da5303295dabd97c3,,,keydown,,,,,, ,1784668217848.0,,
6a5fe03da5303295dabd97c4,,,keydown,,,,,,t,1784668218031.0,,
6a5fe03da5303295dabd97c5,,,keydown,,,,,,e,1784668218110.0,,
6a5fe03da5303295dabd97c6,,,keydown,,,,,,s,1784668218269.0,,
6a5fe03da5303295dabd97c7,,,keydown,,,,,,t,1784668218402.0,,
6a5fe03da5303295dabd97c8,,,keydown,,,,,,e,1784668218461.0,,
6a5fe03da5303295dabd97c9,,,keydown,,,,,,.,1784668219375.0,,
6a5fe03da5303295dabd97ca,,,keydown,,,,,,ArrowRight,1784668220599.0,,
6a5fe03da5303295dabd97f4,,,shortcut,,,,,,Ctrl+A,1784668219848.0,93.0,
6a5fe03da5303295dabd97f5,,,shortcut,,,,,,Ctrl+C,1784668220137.0,97.0,
6a5fe047a5303295dabd97f6,,,keydown,,,,,,Shift,1784668221588.0,,
6a5fe047a5303295dabd97f7,,,keydown,,,,,,Enter,1784668221915.0,,
6a5fe047a5303295dabd97f8,,,keydown,,,,,,Enter,1784668222289.0,,
6a5fe047a5303295dabd97f9,,,keydown,,,,,,Enter,1784668222522.0,,
6a5fe047a5303295dabd97fa,,,keydown,,,,,,Enter,1784668222758.0,,
6a5fe047a5303295dabd97fb,,,keydown,,,,,,Enter,1784668223385.0,,
6a5fe047a5303295dabd97fc,,,keydown,,,,,,Enter,1784668223965.0,,
6a5fe047a5303295dabd97fd,,,keydown,,,,,,Enter,1784668224487.0,,
6a5fe047a5303295dabd97fe,,,keydown,,,,,,Enter,1784668224864.0,,
6a5fe047a5303295dabd97ff,,,keydown,,,,,,Enter,1784668225135.0,,
6a5fe047a5303295dabd9800,,,keydown,,,,,,Enter,1784668225451.0,,
6a5fe047a5303295dabd9801,,,keydown,,,,,,Enter,1784668225775.0,,
6a5fe047a5303295dabd9802,,,keydown,,,,,,Enter,1784668226264.0,,
6a5fe047a5303295dabd9803,,,keydown,,,,,,ArrowUp,1784668228254.0,,
6a5fe047a5303295dabd9804,,,keydown,,,,,,ArrowDown,1784668228300.0,,
6a5fe047a5303295dabd9805,,,keydown,,,,,,Enter,1784668228726.0,,
6a5fe047a5303295dabd9806,,,keydown,,,,,,Enter,1784668229292.0,,
6a5fe047a5303295dabd9807,,,keydown,,,,,,Enter,1784668229730.0,,
6a5fe047a5303295dabd9808,,,keydown,,,,,,Enter,1784668230183.0,,
6a5fe047a5303295dabd9809,,,keydown,,,,,,Enter,1784668230655.0,,
6a5fe047a5303295dabd980a,,,shortcut,,,,,,Ctrl+V,1784668222160.0,80.0,
6a5fe047a5303295dabd980b,,,shortcut,,,,,,Ctrl+V,1784668222462.0,91.0,
6a5fe047a5303295dabd980c,,,shortcut,,,,,,Ctrl+V,1784668222727.0,89.0,
6a5fe047a5303295dabd980d,,,shortcut,,,,,,Ctrl+V,1784668224227.0,91.0,
6a5fe047a5303295dabd980e,,,shortcut,,,,,,Ctrl+V,1784668224692.0,73.0,
6a5fe047a5303295dabd980f,,,shortcut,,,,,,Ctrl+V,1784668225056.0,87.0,
6a5fe047a5303295dabd9810,,,shortcut,,,,,,Ctrl+V,1784668225384.0,122.0,
6a5fe047a5303295dabd9811,,,shortcut,,,,,,Ctrl+V,1784668226435.0,84.0,
6a5fe047a5303295dabd9812,,,shortcut,,,,,,Ctrl+A,1784668227261.0,136.0,
6a5fe047a5303295dabd9813,,,shortcut,,,,,,Ctrl+C,1784668227791.0,184.0,
6a5fe047a5303295dabd9814,,,shortcut,,,,,,Ctrl+V,1784668228957.0,80.0,
6a5fe047a5303295dabd9815,,,shortcut,,,,,,Ctrl+V,1784668229516.0,97.0,
6a5fe047a5303295dabd9816,,,shortcut,,,,,,Ctrl+V,1784668229949.0,93.0,
6a5fe047a5303295dabd9817,,,shortcut,,,,,,Ctrl+V,1784668230408.0,112.0,
6a5fe047a5303295dabd9818,,,shortcut,,,,,,Ctrl+V,1784668230935.0,153.0,
6a5fe051a5303295dabd9819,,,keydown,,,,,,Enter,1784668231177.0,,
6a5fe051a5303295dabd986a,,,shortcut,,,,,,Ctrl+V,1784668231424.0,124.0,
6a5fe105a5303295dabd99a4,,,keydown,,,,,,a,1784668416886.0,,
6a5fe105a5303295dabd99a5,,,keydown,,,,,,s,1784668416970.0,,
6a5fe105a5303295dabd99a6,,,keydown,,,,,,d,1784668417045.0,,
6a5fe105a5303295dabd99a7,,,keydown,,,,,,f,1784668417349.0,,
6a5fe105a5303295dabd99a8,,,keydown,,,,,,f,1784668417540.0,,
6a5fe105a5303295dabd99a9,,,keydown,,,,,,d,1784668417586.0,,
6a5fe105a5303295dabd99aa,,,keydown,,,,,,s,1784668417722.0,,
6a5fe105a5303295dabd99ab,,,keydown,,,,,,a,1784668417934.0,,
6a5fe110a5303295dabd9a86,,,keydown,,,,,,a,1784668423552.0,,
6a5fe110a5303295dabd9a87,,,keydown,,,,,,d,1784668423669.0,,
6a5fe110a5303295dabd9a88,,,keydown,,,,,,s,1784668423803.0,,
6a5fe110a5303295dabd9a89,,,keydown,,,,,,a,1784668423807.0,,
6a5fe110a5303295dabd9a8a,,,keydown,,,,,,d,1784668423971.0,,
6a5fe110a5303295dabd9a8b,,,keydown,,,,,,a,1784668424067.0,,
6a5fe110a5303295dabd9a8c,,,keydown,,,,,,s,1784668424072.0,,
6a5fe110a5303295dabd9a8d,,,keydown,,,,,,a,1784668428148.0,,
6a5fe110a5303295dabd9a8e,,,keydown,,,,,,s,1784668428217.0,,
6a5fe110a5303295dabd9a8f,,,keydown,,,,,,d,1784668428304.0,,
6a5fe110a5303295dabd9a90,,,keydown,,,,,,a,1784668428457.0,,
6a5fe110a5303295dabd9a91,,,keydown,,,,,,s,1784668428528.0,,
6a5fe110a5303295dabd9a92,,,keydown,,,,,,d,1784668428551.0,,
6a5fe110a5303295dabd9a93,,,keydown,,,,,,d,1784668428767.0,,
6a5fe110a5303295dabd9a94,,,keydown,,,,,,a,1784668428778.0,,
6a5fe110a5303295dabd9a95,,,keydown,,,,,,s,1784668428785.0,,
6a5fe110a5303295dabd9a96,,,keydown,,,,,,d,1784668428952.0,,
6a5fe110a5303295dabd9a97,,,keydown,,,,,,a,1784668429706.0,,
6a5fe110a5303295dabd9a98,,,keydown,,,,,,s,1784668429737.0,,
6a5fe110a5303295dabd9a99,,,keydown,,,,,,d,1784668429938.0,,
6a5fe110a5303295dabd9a9a,,,keydown,,,,,,a,1784668429962.0,,
6a5fe110a5303295dabd9a9b,,,keydown,,,,,,s,1784668429973.0,,
6a5fe110a5303295dabd9a9c,,,keydown,,,,,,d,1784668430142.0,,
6a5fe110a5303295dabd9a9d,,,keydown,,,,,,s,1784668430183.0,,
6a5fe110a5303295dabd9a9e,,,keydown,,,,,,a,1784668430457.0,,
6a5fe110a5303295dabd9a9f,,,keydown,,,,,,s,1784668430525.0,,
6a5fe110a5303295dabd9aa0,,,keydown,,,,,,d,1784668430631.0,,
6a5fe110a5303295dabd9aa1,,,keydown,,,,,,a,1784668430710.0,,
6a5fe110a5303295dabd9aa2,,,keydown,,,,,,s,1784668430754.0,,
6a5fe110a5303295dabd9aa3,,,keydown,,,,,,d,1784668430842.0,,
6a5fe112a5303295dabd9c9a,,,shortcut,,,,,,Ctrl+A,1784668432018.0,90.0,
6a5fe11ba5303295dabd9dc1,,,shortcut,,,,,,Ctrl+C,1784668432381.0,140.0,
6a5fe11ba5303295dabd9dc2,,,shortcut,,,,,,Ctrl+V,1784668433555.0,81.0,
6a5fe225a5303295dabd9dc3,,,keydown,,,,,,a,1784668702201.0,,
6a5fe225a5303295dabd9dc4,,,keydown,,,,,,s,1784668702270.0,,
6a5fe225a5303295dabd9dc5,,,keydown,,,,,,d,1784668702362.0,,
6a5fe225a5303295dabd9dc6,,,keydown,,,,,,a,1784668702458.0,,
6a5fe225a5303295dabd9dc7,,,keydown,,,,,,s,1784668702511.0,,
6a5fe225a5303295dabd9dc8,,,keydown,,,,,,d,1784668702575.0,,
6a5fe225a5303295dabd9dc9,,,keydown,,,,,,a,1784668703178.0,,
6a5fe225a5303295dabd9dca,,,keydown,,,,,,s,1784668703262.0,,
6a5fe225a5303295dabd9dcb,,,keydown,,,,,,d,1784668703370.0,,
6a5fe225a5303295dabd9dcc,,,keydown,,,,,,s,1784668703461.0,,
6a5fe225a5303295dabd9dcd,,,keydown,,,,,,a,1784668703468.0,,
6a5fe225a5303295dabd9dce,,,keydown,,,,,,a,1784668703802.0,,
6a5fe225a5303295dabd9dcf,,,keydown,,,,,,s,1784668703904.0,,
6a5fe225a5303295dabd9dd0,,,keydown,,,,,,d,1784668703937.0,,
6a5fe225a5303295dabd9dd1,,,keydown,,,,,,s,1784668704061.0,,
6a5fe225a5303295dabd9dd2,,,keydown,,,,,,a,1784668704077.0,,
6a5fe225a5303295dabd9dd3,,,keydown,,,,,,d,1784668704136.0,,
6a5fe225a5303295dabd9dd4,,,keydown,,,,,,a,1784668709052.0,,
6a5fe225a5303295dabd9dd5,,,keydown,,,,,,s,1784668709115.0,,
6a5fe225a5303295dabd9dd6,,,keydown,,,,,,d,1784668709190.0,,
6a5fe225a5303295dabd9dd7,,,keydown,,,,,,a,1784668709311.0,,
6a5fe684fa8bb1a9c5bcc09f,,,keydown,,,,,,CapsLock,1784669822079.0,,
6a5fe684fa8bb1a9c5bcc0a0,,,keydown,,,,,,L,1784669822169.0,,
6a5fe684fa8bb1a9c5bcc0a1,,,keydown,,,,,,CapsLock,1784669822265.0,,
6a5fe684fa8bb1a9c5bcc0a2,,,keydown,,,,,,a,1784669822370.0,,
6a5fe684fa8bb1a9c5bcc0a3,,,keydown,,,,,,u,1784669822484.0,,
6a5fe684fa8bb1a9c5bcc0a4,,,keydown,,,,,,r,1784669822651.0,,
6a5fe684fa8bb1a9c5bcc0a5,,,keydown,,,,,,a,1784669822706.0,,
6a5fe684fa8bb1a9c5bcc0a6,,,keydown,,,,,, ,1784669822780.0,,
6a5fe684fa8bb1a9c5bcc0a7,,,keydown,,,,,,CapsLock,1784669822909.0,,
6a5fe684fa8bb1a9c5bcc0a8,,,keydown,,,,,,S,1784669822984.0,,
6a5fe684fa8bb1a9c5bcc0a9,,,keydown,,,,,,CapsLock,1784669823098.0,,
6a5fe684fa8bb1a9c5bcc0aa,,,keydown,,,,,,a,1784669823163.0,,
6a5fe684fa8bb1a9c5bcc0ab,,,keydown,,,,,,n,1784669823279.0,,
6a5fe684fa8bb1a9c5bcc0ac,,,keydown,,,,,,t,1784669823374.0,,
6a5fe684fa8bb1a9c5bcc0ad,,,keydown,,,,,,o,1784669823445.0,,
6a5fe684fa8bb1a9c5bcc0ae,,,keydown,,,,,,e,1784669823510.0,,
6a5fe684fa8bb1a9c5bcc0af,,,keydown,,,,,,d,1784669823523.0,,
6a5fe684fa8bb1a9c5bcc0b0,,,keydown,,,,,, ,1784669823728.0,,
6a5fe684fa8bb1a9c5bcc0b1,,,keydown,,,,,,Backspace,1784669823940.0,,
6a5fe684fa8bb1a9c5bcc0b2,,,keydown,,,,,,Backspace,1784669824081.0,,
6a5fe684fa8bb1a9c5bcc0b3,,,keydown,,,,,,Backspace,1784669824191.0,,
6a5fe684fa8bb1a9c5bcc0b4,,,keydown,,,,,,s,1784669824273.0,,
6a5fe684fa8bb1a9c5bcc0b5,,,keydown,,,,,, ,1784669824380.0,,
6a5fe684fa8bb1a9c5bcc0b6,,,keydown,,,,,,CapsLock,1784669824450.0,,
6a5fe684fa8bb1a9c5bcc0b7,,,keydown,,,,,,O,1784669824554.0,,
6a5fe684fa8bb1a9c5bcc0b8,,,keydown,,,,,,CapsLock,1784669824608.0,,
6a5fe684fa8bb1a9c5bcc0b9,,,keydown,,,,,,l,1784669824682.0,,
6a5fe684fa8bb1a9c5bcc0ba,,,keydown,,,,,,i,1784669824832.0,,
6a5fe684fa8bb1a9c5bcc0bb,,,keydown,,,,,,v,1784669824884.0,,
6a5fe684fa8bb1a9c5bcc0bc,,,keydown,,,,,,e,1784669824965.0,,
6a5fe684fa8bb1a9c5bcc0bd,,,keydown,,,,,,i,1784669825021.0,,
6a5fe684fa8bb1a9c5bcc0be,,,keydown,,,,,,r,1784669825112.0,,
6a5fe684fa8bb1a9c5bcc0bf,,,keydown,,,,,,a,1784669825167.0,,
6a5fe684fa8bb1a9c5bcc0c0,,,keydown,,,,,,l,1784669826997.0,,
6a5fe684fa8bb1a9c5bcc0c1,,,keydown,,,,,,a,1784669827118.0,,
6a5fe684fa8bb1a9c5bcc0c2,,,keydown,,,,,,u,1784669827212.0,,
6a5fe684fa8bb1a9c5bcc0c3,,,keydown,,,,,,r,1784669827289.0,,
6a5fe684fa8bb1a9c5bcc0c4,,,keydown,,,,,,a,1784669827326.0,,
6a5fe684fa8bb1a9c5bcc0c5,,,keydown,,,,,,Shift,1784669827548.0,,
6a5fe684fa8bb1a9c5bcc0c6,,,keydown,,,,,,|,1784669827550.0,,
6a5fe684fa8bb1a9c5bcc0c7,,,keydown,,,,,,|,1784669827792.0,,
6a5fe684fa8bb1a9c5bcc0c8,,,keydown,,,,,,@,1784669827841.0,,
6a5fe68efa8bb1a9c5bcc16f,,,keydown,,,,,,Backspace,1784669828404.0,,
6a5fe68efa8bb1a9c5bcc170,,,keydown,,,,,,Backspace,1784669828536.0,,
6a5fe68efa8bb1a9c5bcc171,,,keydown,,,,,,Backspace,1784669828658.0,,
6a5fe68efa8bb1a9c5bcc172,,,keydown,,,,,,Shift,1784669828714.0,,
6a5fe68efa8bb1a9c5bcc173,,,keydown,,,,,,#,1784669828849.0,,
6a5fe68efa8bb1a9c5bcc174,,,keydown,,,,,,Backspace,1784669829293.0,,
6a5fe68efa8bb1a9c5bcc175,,,keydown,,,,,,Shift,1784669829406.0,,
6a5fe68efa8bb1a9c5bcc176,,,keydown,,,,,,@,1784669829587.0,,
6a5fe68efa8bb1a9c5bcc177,,,keydown,,,,,,e,1784669829936.0,,
6a5fe68efa8bb1a9c5bcc178,,,keydown,,,,,,m,1784669830056.0,,
6a5fe68efa8bb1a9c5bcc179,,,keydown,,,,,,a,1784669830168.0,,
6a5fe68efa8bb1a9c5bcc17a,,,keydown,,,,,,i,1784669830219.0,,
6a5fe68efa8bb1a9c5bcc17b,,,keydown,,,,,,l,1784669830363.0,,
6a5fe68efa8bb1a9c5bcc17c,,,keydown,,,,,,.,1784669830500.0,,
6a5fe68efa8bb1a9c5bcc17d,,,keydown,,,,,,c,1784669830637.0,,
6a5fe68efa8bb1a9c5bcc17e,,,keydown,,,,,,o,1784669830747.0,,
6a5fe68efa8bb1a9c5bcc17f,,,keydown,,,,,,m,1784669830828.0,,
6a5fe68efa8bb1a9c5bcc180,,,keydown,,,,,,CapsLock,1784669832681.0,,
6a5fe68efa8bb1a9c5bcc181,,,keydown,,,,,,T,1784669832886.0,,
6a5fe68efa8bb1a9c5bcc182,,,keydown,,,,,,CapsLock,1784669832944.0,,
6a5fe68efa8bb1a9c5bcc183,,,keydown,,,,,,e,1784669833127.0,,
6a5fe68efa8bb1a9c5bcc184,,,keydown,,,,,,s,1784669833284.0,,
6a5fe68efa8bb1a9c5bcc185,,,keydown,,,,,,t,1784669833358.0,,
6a5fe68efa8bb1a9c5bcc186,,,keydown,,,,,,e,1784669833481.0,,
6a5fe68efa8bb1a9c5bcc187,,,keydown,,,,,, ,1784669833648.0,,
6a5fe68efa8bb1a9c5bcc188,,,keydown,,,,,,t,1784669833824.0,,
6a5fe68efa8bb1a9c5bcc189,,,keydown,,,,,,e,1784669833892.0,,
6a5fe68efa8bb1a9c5bcc18a,,,keydown,,,,,,s,1784669834047.0,,
6a5fe68efa8bb1a9c5bcc18b,,,keydown,,,,,,t,1784669834158.0,,
6a5fe68efa8bb1a9c5bcc18c,,,keydown,,,,,,e,1784669834265.0,,
6a5fe68efa8bb1a9c5bcc18d,,,keydown,,,,,, ,1784669834392.0,,
6a5fe68efa8bb1a9c5bcc18e,,,keydown,,,,,,t,1784669834576.0,,
6a5fe68efa8bb1a9c5bcc18f,,,keydown,,,,,,e,1784669834664.0,,
6a5fe68efa8bb1a9c5bcc190,,,keydown,,,,,,s,1784669834815.0,,
6a5fe68efa8bb1a9c5bcc191,,,keydown,,,,,,t,1784669834963.0,,
6a5fe68efa8bb1a9c5bcc192,,,keydown,,,,,,e,1784669835166.0,,
6a5fe68efa8bb1a9c5bcc193,,,keydown,,,,,, ,1784669835302.0,,
6a5fe68efa8bb1a9c5bcc194,,,keydown,,,,,,t,1784669835479.0,,
6a5fe68efa8bb1a9c5bcc195,,,keydown,,,,,,e,1784669835574.0,,
6a5fe68efa8bb1a9c5bcc196,,,keydown,,,,,,s,1784669835718.0,,
6a5fe68efa8bb1a9c5bcc197,,,keydown,,,,,,t,1784669835821.0,,
6a5fe68efa8bb1a9c5bcc198,,,keydown,,,,,,e,1784669835921.0,,
6a5fe68efa8bb1a9c5bcc199,,,keydown,,,,,,;,1784669836822.0,,
6a5fe68efa8bb1a9c5bcc19a,,,keydown,,,,,,ArrowRight,1784669837844.0,,
6a5fe68efa8bb1a9c5bcc19b,,,keydown,,,,,,Shift,1784669838158.0,,
6a5fe68efa8bb1a9c5bcc19c,,,keydown,,,,,,Enter,1784669838281.0,,
6a5fe68efa8bb1a9c5bcc1bc,,,shortcut,,,,,,Ctrl+A,1784669837266.0,103.0,
6a5fe68efa8bb1a9c5bcc1bd,,,shortcut,,,,,,Ctrl+C,1784669837512.0,92.0,
6a5fe698fa8bb1a9c5bcc1be,,,keydown,,,,,,Enter,1784669838827.0,,
6a5fe698fa8bb1a9c5bcc1bf,,,keydown,,,,,,Enter,1784669839155.0,,
6a5fe698fa8bb1a9c5bcc1c0,,,keydown,,,,,,Enter,1784669839497.0,,
6a5fe698fa8bb1a9c5bcc1c1,,,keydown,,,,,,Enter,1784669839860.0,,
6a5fe698fa8bb1a9c5bcc1c2,,,keydown,,,,,,ArrowRight,1784669841205.0,,
6a5fe698fa8bb1a9c5bcc1c3,,,keydown,,,,,,Shift,1784669841881.0,,
6a5fe698fa8bb1a9c5bcc1c4,,,keydown,,,,,,Enter,1784669842192.0,,
6a5fe698fa8bb1a9c5bcc1c5,,,keydown,,,,,,Enter,1784669842581.0,,
6a5fe699fa8bb1a9c5bcc225,,,shortcut,,,,,,Ctrl+V,1784669838597.0,128.0,
6a5fe699fa8bb1a9c5bcc226,,,shortcut,,,,,,Ctrl+V,1784669839015.0,99.0,
6a5fe699fa8bb1a9c5bcc227,,,shortcut,,,,,,Ctrl+V,1784669839389.0,89.0,
6a5fe699fa8bb1a9c5bcc228,,,shortcut,,,,,,Ctrl+V,1784669839747.0,109.0,
6a5fe699fa8bb1a9c5bcc229,,,shortcut,,,,,,Ctrl+V,1784669840101.0,92.0,
6a5fe699fa8bb1a9c5bcc22a,,,shortcut,,,,,,Ctrl+A,1784669840674.0,107.0,
6a5fe699fa8bb1a9c5bcc22b,,,shortcut,,,,,,Ctrl+C,1784669840940.0,96.0,
6a5fe699fa8bb1a9c5bcc22c,,,shortcut,,,,,,Ctrl+V,1784669842475.0,66.0,
6a5fe699fa8bb1a9c5bcc22d,,,shortcut,,,,,,Ctrl+V,1784669843144.0,97.0,
6a5fe6e00df87e62ce5e594f,,,keydown,,,,,,l,1784669912505.0,,laura2
6a5fe6e00df87e62ce5e5950,,,keydown,,,,,,a,1784669912621.0,,laura2
6a5fe6e00df87e62ce5e5951,,,keydown,,,,,,u,1784669912724.0,,laura2
6a5fe6e00df87e62ce5e5952,,,keydown,,,,,,r,1784669912885.0,,laura2
6a5fe6e00df87e62ce5e5953,,,keydown,,,,,,a,1784669912946.0,,laura2
6a5fe6e00df87e62ce5e5954,,,keydown,,,,,,l,1784669915332.0,,laura2
6a5fe6e00df87e62ce5e5955,,,keydown,,,,,,a,1784669915466.0,,laura2
6a5fe6e00df87e62ce5e5956,,,keydown,,,,,,u,1784669915570.0,,laura2
6a5fe6e00df87e62ce5e5957,,,keydown,,,,,,r,1784669915651.0,,laura2
6a5fe6e00df87e62ce5e5958,,,keydown,,,,,,a,1784669915692.0,,laura2
6a5fe6e00df87e62ce5e5959,,,keydown,,,,,,s,1784669917383.0,,laura2
6a5fe6e00df87e62ce5e595a,,,keydown,,,,,,a,1784669917416.0,,laura2
6a5fe6e00df87e62ce5e595b,,,keydown,,,,,,d,1784669917503.0,,laura2
6a5fe6e00df87e62ce5e595c,,,keydown,,,,,,a,1784669917624.0,,laura2
6a5fe6e00df87e62ce5e595d,,,keydown,,,,,,s,1784669917628.0,,laura2
6a5fe6e00df87e62ce5e595e,,,keydown,,,,,,d,1784669917755.0,,laura2
6a5fe6e00df87e62ce5e595f,,,keydown,,,,,,s,1784669917833.0,,laura2
6a5fe6e00df87e62ce5e5960,,,keydown,,,,,,a,1784669917837.0,,laura2
6a5fe6e00df87e62ce5e5961,,,keydown,,,,,,d,1784669917974.0,,laura2
6a5fe6e00df87e62ce5e5962,,,keydown,,,,,,a,1784669918000.0,,laura2
6a5fe6e00df87e62ce5e5963,,,keydown,,,,,,s,1784669918015.0,,laura2
6a5fe6e00df87e62ce5e5964,,,keydown,,,,,,s,1784669918207.0,,laura2
6a5fe6e00df87e62ce5e5965,,,keydown,,,,,,a,1784669918208.0,,laura2
6a5fe6e00df87e62ce5e5966,,,keydown,,,,,,d,1784669918221.0,,laura2
6a5fe6e00df87e62ce5e5967,,,keydown,,,,,,d,1784669918463.0,,laura2
6a5fe6e00df87e62ce5e5968,,,keydown,,,,,,a,1784669918481.0,,laura2
6a5fe6e00df87e62ce5e5969,,,keydown,,,,,,s,1784669918542.0,,laura2
6a5fe6e00df87e62ce5e596a,,,keydown,,,,,,Shift,1784669919884.0,,laura2
6a5fe6e00df87e62ce5e596b,,,keydown,,,,,,Enter,1784669920024.0,,laura2
6a5fe6e10df87e62ce5e5a06,,,shortcut,,,,,,Ctrl+A,1784669919044.0,182.0,laura2
6a5fe6e10df87e62ce5e5a07,,,shortcut,,,,,,Ctrl+C,1784669919315.0,71.0,laura2
6a5fe6ea0df87e62ce5e5a08,,,keydown,,,,,,Enter,1784669921508.0,,laura2
6a5fe6ea0df87e62ce5e5a09,,,keydown,,,,,,Enter,1784669922030.0,,laura2
6a5fe6ea0df87e62ce5e5a0a,,,keydown,,,,,,Enter,1784669922237.0,,laura2
6a5fe6ea0df87e62ce5e5a0b,,,keydown,,,,,,Enter,1784669922435.0,,laura2
6a5fe6ea0df87e62ce5e5a0c,,,keydown,,,,,,Enter,1784669922665.0,,laura2
6a5fe6ea0df87e62ce5e5a0d,,,keydown,,,,,,Enter,1784669922861.0,,laura2
6a5fe6ea0df87e62ce5e5a0e,,,keydown,,,,,,Enter,1784669923057.0,,laura2
6a5fe6ea0df87e62ce5e5a0f,,,keydown,,,,,,Enter,1784669923271.0,,laura2
6a5fe6ea0df87e62ce5e5a10,,,keydown,,,,,,Enter,1784669923491.0,,laura2
6a5fe6ea0df87e62ce5e5a11,,,keydown,,,,,,v,1784669923645.0,,laura2
6a5fe6ea0df87e62ce5e5a12,,,keydown,,,,,,Enter,1784669923763.0,,laura2
6a5fe6ea0df87e62ce5e5a13,,,keydown,,,,,,Enter,1784669924093.0,,laura2
6a5fe6ea0df87e62ce5e5a14,,,keydown,,,,,,Enter,1784669924656.0,,laura2
6a5fe6ea0df87e62ce5e5a15,,,keydown,,,,,,Enter,1784669925122.0,,laura2
6a5fe6ea0df87e62ce5e5a16,,,keydown,,,,,,Enter,1784669925658.0,,laura2
6a5fe6ea0df87e62ce5e5a17,,,keydown,,,,,,Enter,1784669926120.0,,laura2
6a5fe6ea0df87e62ce5e5a18,,,keydown,,,,,,Enter,1784669926405.0,,laura2
6a5fe6ea0df87e62ce5e5a19,,,keydown,,,,,,Enter,1784669926747.0,,laura2
6a5fe6ea0df87e62ce5e5a1a,,,keydown,,,,,,Enter,1784669927068.0,,laura2
6a5fe6ea0df87e62ce5e5a1b,,,keydown,,,,,,Enter,1784669927406.0,,laura2
6a5fe6ea0df87e62ce5e5a1c,,,keydown,,,,,,Enter,1784669927812.0,,laura2
6a5fe6ea0df87e62ce5e5a1d,,,keydown,,,,,,Enter,1784669928142.0,,laura2
6a5fe6ea0df87e62ce5e5a1e,,,keydown,,,,,,Enter,1784669928399.0,,laura2
6a5fe6ea0df87e62ce5e5a1f,,,keydown,,,,,,Enter,1784669928748.0,,laura2
6a5fe6ea0df87e62ce5e5a20,,,keydown,,,,,,Enter,1784669929268.0,,laura2
6a5fe6ea0df87e62ce5e5a21,,,keydown,,,,,,Enter,1784669929689.0,,laura2
6a5fe6ea0df87e62ce5e5a22,,,keydown,,,,,,Enter,1784669930096.0,,laura2
6a5fe6ea0df87e62ce5e5a23,,,shortcut,,,,,,Ctrl+V,1784669920824.0,143.0,laura2
6a5fe6ea0df87e62ce5e5a24,,,shortcut,,,,,,Ctrl+V,1784669921966.0,177.0,laura2
6a5fe6ea0df87e62ce5e5a25,,,shortcut,,,,,,Ctrl+V,1784669922282.0,109.0,laura2
6a5fe6ea0df87e62ce5e5a26,,,shortcut,,,,,,Ctrl+V,1784669923043.0,67.0,laura2
6a5fe6ea0df87e62ce5e5a27,,,shortcut,,,,,,Ctrl+V,1784669923410.0,176.0,laura2
6a5fe6ea0df87e62ce5e5a28,,,shortcut,,,,,,Ctrl+V,1784669924308.0,77.0,laura2
6a5fe6ea0df87e62ce5e5a29,,,shortcut,,,,,,Ctrl+V,1784669925402.0,122.0,laura2
6a5fe6ea0df87e62ce5e5a2a,,,shortcut,,,,,,Ctrl+V,1784669925956.0,120.0,laura2
6a5fe6ea0df87e62ce5e5a2b,,,shortcut,,,,,,Ctrl+V,1784669926359.0,120.0,laura2
6a5fe6ea0df87e62ce5e5a2c,,,shortcut,,,,,,Ctrl+V,1784669926705.0,119.0,laura2
6a5fe6ea0df87e62ce5e5a2d,,,shortcut,,,,,,Ctrl+V,1784669927047.0,150.0,laura2
6a5fe6ea0df87e62ce5e5a2e,,,shortcut,,,,,,Ctrl+V,1784669927493.0,229.0,laura2
6a5fe6ea0df87e62ce5e5a2f,,,shortcut,,,,,,Ctrl+V,1784669928026.0,85.0,laura2
6a5fe6ea0df87e62ce5e5a30,,,shortcut,,,,,,Ctrl+V,1784669928467.0,192.0,laura2
6a5fe6ea0df87e62ce5e5a31,,,shortcut,,,,,,Ctrl+V,1784669929011.0,65.0,laura2
6a5fe6ea0df87e62ce5e5a32,,,shortcut,,,,,,Ctrl+V,1784669929471.0,72.0,laura2
6a5fe6ea0df87e62ce5e5a33,,,shortcut,,,,,,Ctrl+V,1784669929877.0,100.0,laura2
6a5fe6f40df87e62ce5e5a34,,,keydown,,,,,,Enter,1784669930482.0,,laura2
6a5fe6f40df87e62ce5e5a35,,,keydown,,,,,,Enter,1784669930801.0,,laura2
6a5fe6f40df87e62ce5e5a36,,,keydown,,,,,,Enter,1784669931151.0,,laura2
6a5fe6f40df87e62ce5e5a37,,,keydown,,,,,,Enter,1784669931483.0,,laura2
6a5fe6f40df87e62ce5e5a38,,,keydown,,,,,,Enter,1784669931877.0,,laura2
6a5fe6f40df87e62ce5e5a39,,,keydown,,,,,,Enter,1784669932247.0,,laura2
6a5fe6f40df87e62ce5e5a3a,,,keydown,,,,,,Enter,1784669932614.0,,laura2
6a5fe6f40df87e62ce5e5a3b,,,keydown,,,,,,Enter,1784669932995.0,,laura2
6a5fe6f40df87e62ce5e5a3c,,,keydown,,,,,,v,1784669933159.0,,laura2
6a5fe6f40df87e62ce5e5a3d,,,keydown,,,,,,Enter,1784669933377.0,,laura2
6a5fe6f40df87e62ce5e5a3e,,,keydown,,,,,,Enter,1784669933764.0,,laura2
6a5fe6f40df87e62ce5e5a3f,,,keydown,,,,,,Enter,1784669934179.0,,laura2
6a5fe6f40df87e62ce5e5a40,,,keydown,,,,,,Enter,1784669934672.0,,laura2
6a5fe6f50df87e62ce5e5b10,,,shortcut,,,,,,Ctrl+V,1784669930317.0,96.0,laura2
6a5fe6f50df87e62ce5e5b11,,,shortcut,,,,,,Ctrl+V,1784669930664.0,102.0,laura2
6a5fe6f50df87e62ce5e5b12,,,shortcut,,,,,,Ctrl+V,1784669930994.0,62.0,laura2
6a5fe6f50df87e62ce5e5b13,,,shortcut,,,,,,Ctrl+V,1784669931443.0,119.0,laura2
6a5fe6f50df87e62ce5e5b14,,,shortcut,,,,,,Ctrl+V,1784669932093.0,74.0,laura2
6a5fe6f50df87e62ce5e5b15,,,shortcut,,,,,,Ctrl+V,1784669932507.0,123.0,laura2
6a5fe6f50df87e62ce5e5b16,,,shortcut,,,,,,Ctrl+V,1784669932916.0,145.0,laura2
6a5fe6f50df87e62ce5e5b17,,,shortcut,,,,,,Ctrl+V,1784669933965.0,93.0,laura2
6a5fe6f50df87e62ce5e5b18,,,shortcut,,,,,,Ctrl+V,1784669934382.0,77.0,laura2
6a5fe6f50df87e62ce5e5b19,,,shortcut,,,,,,Ctrl+V,1784669934872.0,94.0,laura2
6a5ff2307501bc9f6ccc78d1,,,keydown,,,,,,l,1784672810085.0,,laura
6a5ff2307501bc9f6ccc78d2,,,keydown,,,,,,a,1784672810189.0,,laura
6a5ff2307501bc9f6ccc78d3,,,keydown,,,,,,u,1784672810291.0,,laura
6a5ff2307501bc9f6ccc78d4,,,keydown,,,,,,r,1784672810380.0,,laura
6a5ff2307501bc9f6ccc78d5,,,keydown,,,,,,a,1784672810426.0,,laura
6a5ff2307501bc9f6ccc78d6,,,keydown,,,,,,l,1784672811952.0,,laura
6a5ff2307501bc9f6ccc78d7,,,keydown,,,,,,a,1784672812050.0,,laura
6a5ff2307501bc9f6ccc78d8,,,keydown,,,,,,u,1784672812175.0,,laura
6a5ff2307501bc9f6ccc78d9,,,keydown,,,,,,r,1784672812237.0,,laura
6a5ff2307501bc9f6ccc78da,,,keydown,,,,,,a,1784672812279.0,,laura
6a5ff2307501bc9f6ccc78db,,,keydown,,,,,,Shift,1784672812495.0,,laura
6a5ff2307501bc9f6ccc78dc,,,keydown,,,,,,@,1784672812676.0,,laura
6a5ff2307501bc9f6ccc78dd,,,keydown,,,,,,e,1784672812949.0,,laura
6a5ff2307501bc9f6ccc78de,,,keydown,,,,,,m,1784672813040.0,,laura
6a5ff2307501bc9f6ccc78df,,,keydown,,,,,,p,1784672813177.0,,laura
6a5ff2307501bc9f6ccc78e0,,,keydown,,,,,,r,1784672813212.0,,laura
6a5ff2307501bc9f6ccc78e1,,,keydown,,,,,,e,1784672813271.0,,laura
6a5ff2307501bc9f6ccc78e2,,,keydown,,,,,,s,1784672813422.0,,laura
6a5ff2307501bc9f6ccc78e3,,,keydown,,,,,,a,1784672813513.0,,laura
6a5ff2307501bc9f6ccc78e4,,,keydown,,,,,,.,1784672813591.0,,laura
6a5ff2307501bc9f6ccc78e5,,,keydown,,,,,,c,1784672813740.0,,laura
6a5ff2307501bc9f6ccc78e6,,,keydown,,,,,,o,1784672813834.0,,laura
6a5ff2307501bc9f6ccc78e7,,,keydown,,,,,,m,1784672813915.0,,laura
6a5ff2307501bc9f6ccc78e8,,,keydown,,,,,,t,1784672814947.0,,laura
6a5ff2307501bc9f6ccc78e9,,,keydown,,,,,,e,1784672815023.0,,laura
6a5ff2307501bc9f6ccc78ea,,,keydown,,,,,,s,1784672815228.0,,laura
6a5ff2307501bc9f6ccc78eb,,,keydown,,,,,,t,1784672815392.0,,laura
6a5ff2307501bc9f6ccc78ec,,,keydown,,,,,,e,1784672815454.0,,laura
6a5ff2307501bc9f6ccc78ed,,,keydown,,,,,,t,1784672816213.0,,laura
6a5ff2307501bc9f6ccc78ee,,,keydown,,,,,,e,1784672816300.0,,laura
6a5ff23a7501bc9f6ccc79cc,,,keydown,,,,,,Backs,1784672816753.0,,laura
6a5ff23a7501bc9f6ccc79cd,,,keydown,,,,,,Backs,1784672816898.0,,laura
6a5ff23a7501bc9f6ccc79ce,,,keydown,,,,,, ,1784672817129.0,,laura
6a5ff23a7501bc9f6ccc79cf,,,keydown,,,,,,t,1784672817235.0,,laura
6a5ff23a7501bc9f6ccc79d0,,,keydown,,,,,,e,1784672817271.0,,laura
6a5ff23a7501bc9f6ccc79d1,,,keydown,,,,,,s,1784672817470.0,,laura
6a5ff23a7501bc9f6ccc79d2,,,keydown,,,,,,t,1784672817647.0,,laura
6a5ff23a7501bc9f6ccc79d3,,,keydown,,,,,,e,1784672817715.0,,laura
6a5ff23a7501bc9f6ccc79d4,,,keydown,,,,,, ,1784672818092.0,,laura
6a5ff23a7501bc9f6ccc79d5,,,keydown,,,,,,t,1784672818236.0,,laura
6a5ff23a7501bc9f6ccc79d6,,,keydown,,,,,,e,1784672818273.0,,laura
6a5ff23a7501bc9f6ccc79d7,,,keydown,,,,,,s,1784672818472.0,,laura
6a5ff23a7501bc9f6ccc79d8,,,keydown,,,,,,t,1784672818960.0,,laura
6a5ff23a7501bc9f6ccc79d9,,,keydown,,,,,,e,1784672819027.0,,laura
6a5ff23a7501bc9f6ccc79da,,,keydown,,,,,, ,1784672819193.0,,laura
6a5ff23a7501bc9f6ccc79db,,,keydown,,,,,,t,1784672819341.0,,laura
6a5ff23a7501bc9f6ccc79dc,,,keydown,,,,,,e,1784672819400.0,,laura
6a5ff23a7501bc9f6ccc79dd,,,keydown,,,,,,s,1784672819593.0,,laura
6a5ff23a7501bc9f6ccc79de,,,keydown,,,,,,t,1784672819752.0,,laura
6a5ff23a7501bc9f6ccc79df,,,keydown,,,,,,e,1784672819821.0,,laura
6a5ff23a7501bc9f6ccc79e0,,,keydown,,,,,,Arrow,1784672821499.0,,laura
6a5ff23a7501bc9f6ccc79e1,,,keydown,,,,,,Shift,1784672821849.0,,laura
6a5ff23a7501bc9f6ccc79e2,,,keydown,,,,,,Enter,1784672821966.0,,laura
6a5ff23a7501bc9f6ccc79e3,,,keydown,,,,,,Enter,1784672822520.0,,laura
6a5ff23a7501bc9f6ccc79e4,,,keydown,,,,,,Enter,1784672823017.0,,laura
6a5ff23a7501bc9f6ccc79e5,,,keydown,,,,,,Arrow,1784672824389.0,,laura
6a5ff23a7501bc9f6ccc79e6,,,keydown,,,,,,Shift,1784672824405.0,,laura
6a5ff23a7501bc9f6ccc79e7,,,keydown,,,,,,Shift,1784672824814.0,,laura
6a5ff23a7501bc9f6ccc79e8,,,keydown,,,,,,Enter,1784672824940.0,,laura
6a5ff23a7501bc9f6ccc79e9,,,keydown,,,,,,Enter,1784672825695.0,,laura
6a5ff23a7501bc9f6ccc79ea,,,shortcut,,,,,,Ctrl+A,1784672820627.0,94.0,laura
6a5ff23a7501bc9f6ccc79eb,,,shortcut,,,,,,Ctrl+C,1784672820955.0,76.0,laura
6a5ff23a7501bc9f6ccc79ec,,,shortcut,,,,,,Ctrl+V,1784672822278.0,100.0,laura
6a5ff23a7501bc9f6ccc79ed,,,shortcut,,,,,,Ctrl+V,1784672822807.0,90.0,laura
6a5ff23a7501bc9f6ccc79ee,,,shortcut,,,,,,Ctrl+V,1784672823231.0,94.0,laura
6a5ff23a7501bc9f6ccc79ef,,,shortcut,,,,,,Ctrl+A,1784672823620.0,90.0,laura
6a5ff23a7501bc9f6ccc79f0,,,shortcut,,,,,,Ctrl+C,1784672823868.0,53.0,laura
6a5ff23a7501bc9f6ccc79f1,,,shortcut,,,,,,Ctrl+V,1784672825506.0,122.0,laura
6a5ff23a7501bc9f6ccc79f2,,,shortcut,,,,,,Ctrl+V,1784672826413.0,6.0,laura
6a5ff2447501bc9f6ccc79f3,,,keydown,,,,,,Shift,1784672828603.0,,laura
6a5ff2447501bc9f6ccc79f4,,,keydown,,,,,,Enter,1784672828724.0,,laura
6a5ff2447501bc9f6ccc79f5,,,keydown,,,,,,Enter,1784672829411.0,,laura
6a5ff2447501bc9f6ccc79f6,,,keydown,,,,,,Enter,1784672829981.0,,laura
6a5ff2457501bc9f6ccc7a91,,,shortcut,,,,,,Ctrl+A,1784672826743.0,91.0,laura
6a5ff2457501bc9f6ccc7a92,,,shortcut,,,,,,Ctrl+X,1784672827469.0,94.0,laura
6a5ff2457501bc9f6ccc7a93,,,shortcut,,,,,,Ctrl+V,1784672828240.0,108.0,laura
6a5ff2457501bc9f6ccc7a94,,,shortcut,,,,,,Ctrl+V,1784672829013.0,91.0,laura
6a5ff2457501bc9f6ccc7a95,,,shortcut,,,,,,Ctrl+V,1784672829729.0,88.0,laura
6a5ff2457501bc9f6ccc7a96,,,shortcut,,,,,,Ctrl+V,1784672830178.0,90.0,laura
